Timestamp,Vibration (mm/s),Temperature (°C),Pressure (bar),Mean Temp,Fault Label,RMS Vibration,Severity
2023-03-10 00:00:00,0.4370861069626263,64.81063430708957,7.785117051207718,90.56138441433627,1,0.4370861069626263,MEDIUM
2023-03-10 00:01:00,0.9556428757689246,93.35207579026866,7.740936397215999,90.56138441433627,1,0.9556428757689246,MEDIUM
2023-03-10 00:02:00,0.7587945476302645,119.83566687011266,9.71876374156311,90.56138441433627,0,0.7587945476302645,LOW
2023-03-10 00:03:00,0.6387926357773329,108.5779909127649,7.748638599548518,90.56138441433627,1,0.6387926357773329,MEDIUM
2023-03-10 00:04:00,0.2404167763981928,114.52489182891598,7.815849178385893,90.56138441433627,0,0.2404167763981928,LOW
2023-03-10 00:05:00,0.2403950683025824,102.70266933685738,9.278194787253891,90.56138441433627,1,0.2403950683025824,MEDIUM
2023-03-10 00:06:00,0.1522752509513795,105.3821251614282,8.34921952735162,90.56138441433627,2,0.1522752509513795,HIGH
2023-03-10 00:07:00,0.8795585311974417,117.93565212522554,9.330131670865544,90.56138441433627,0,0.8795585311974417,LOW
2023-03-10 00:08:00,0.6410035105688879,69.97344070873487,7.196098472693156,90.56138441433627,1,0.6410035105688879,MEDIUM
2023-03-10 00:09:00,0.737265320016441,89.15399709145123,8.462713581020154,90.56138441433627,0,0.737265320016441,LOW
2023-03-10 00:10:00,0.1185260448662222,67.69675534556818,7.100840800549848,90.56138441433627,0,0.1185260448662222,LOW
2023-03-10 00:11:00,0.9729188669457948,129.01344063973175,7.187959610366064,90.56138441433627,0,0.9729188669457948,LOW
2023-03-10 00:12:00,0.8491983767203796,125.52474717492906,9.719312360033232,90.56138441433627,0,0.8491983767203796,LOW
2023-03-10 00:13:00,0.2911051996104485,53.15414490948047,7.4177361133527855,90.56138441433627,0,0.2911051996104485,LOW
2023-03-10 00:14:00,0.2636424704863905,106.44601380125508,8.597262046825652,90.56138441433627,1,0.2636424704863905,MEDIUM
2023-03-10 00:15:00,0.2650640588680905,124.01986539325328,8.23328680780212,90.56138441433627,0,0.2650640588680905,LOW
2023-03-10 00:16:00,0.373818018663584,64.44602761018669,8.042029978776528,90.56138441433627,1,0.373818018663584,MEDIUM
2023-03-10 00:17:00,0.5722807884690141,95.43561844421036,9.699500037061815,90.56138441433627,0,0.5722807884690141,LOW
2023-03-10 00:18:00,0.4887505167779041,123.23906380704337,7.065470190326469,90.56138441433627,0,0.4887505167779041,LOW
2023-03-10 00:19:00,0.3621062261782377,52.715678286863906,8.991369058526768,90.56138441433627,1,0.3621062261782377,MEDIUM
2023-03-10 00:20:00,0.6506676052501416,105.7936213797472,9.89018330264065,90.56138441433627,0,0.6506676052501416,LOW
2023-03-10 00:21:00,0.2255444745868376,73.78792058980406,8.680504550385526,90.56138441433627,0,0.2255444745868376,LOW
2023-03-10 00:22:00,0.3629301836816964,123.95169563012244,9.810467386099276,90.56138441433627,1,0.3629301836816964,MEDIUM
2023-03-10 00:23:00,0.4297256589643226,127.68465961322944,7.1567736378580715,90.56138441433627,0,0.4297256589643226,LOW
2023-03-10 00:24:00,0.5104629857953323,125.54131912907472,8.256379957222485,90.56138441433627,0,0.5104629857953323,LOW
2023-03-10 00:25:00,0.8066583652537123,87.9371373325971,7.780473372886154,90.56138441433627,0,0.8066583652537123,LOW
2023-03-10 00:26:00,0.2797064039425238,118.96341207914509,9.192462894942189,90.56138441433627,2,0.2797064039425238,HIGH
2023-03-10 00:27:00,0.5628109945722505,117.56395188280564,9.94389127149174,90.56138441433627,1,0.5628109945722505,MEDIUM
2023-03-10 00:28:00,0.6331731119758383,75.52803785946045,7.769590187332743,90.56138441433627,1,0.6331731119758383,MEDIUM
2023-03-10 00:29:00,0.1418053714479979,116.3132379320542,8.962523804422224,90.56138441433627,1,0.1418053714479979,MEDIUM
2023-03-10 00:30:00,0.6467903667112945,52.96061077723941,7.59429289827922,90.56138441433627,0,0.6467903667112945,LOW
2023-03-10 00:31:00,0.2534717113185624,97.70159027856424,8.69599076371483,90.56138441433627,0,0.2534717113185624,LOW
2023-03-10 00:32:00,0.1585464336867516,68.40070698301625,8.391797460065009,90.56138441433627,1,0.1585464336867516,MEDIUM
2023-03-10 00:33:00,0.953996983528,59.645350862182305,9.91601598889461,90.56138441433627,0,0.953996983528,LOW
2023-03-10 00:34:00,0.9690688297671034,56.15625613033673,8.8255818180894,90.56138441433627,0,0.9690688297671034,LOW
2023-03-10 00:35:00,0.827557613304815,105.70310207025118,8.048519116260456,90.56138441433627,0,0.827557613304815,LOW
2023-03-10 00:36:00,0.3741523922560336,77.1899971014453,7.3422873546638,90.56138441433627,0,0.3741523922560336,LOW
2023-03-10 00:37:00,0.1879049026057455,107.98134172230093,7.453740486204803,90.56138441433627,2,0.1879049026057455,HIGH
2023-03-10 00:38:00,0.7158097238609412,55.22850726391539,7.675950789853705,90.56138441433627,0,0.7158097238609412,LOW
2023-03-10 00:39:00,0.4961372443656412,75.22322702644882,7.752899984020894,90.56138441433627,0,0.4961372443656412,LOW
2023-03-10 00:40:00,0.2098344113603009,93.15930339002698,9.551848173523414,90.56138441433627,0,0.2098344113603009,LOW
2023-03-10 00:41:00,0.5456592191001431,113.25785318711708,8.683668364847575,90.56138441433627,2,0.5456592191001431,HIGH
2023-03-10 00:42:00,0.1309496690036965,75.5002002345656,8.5701727341231,90.56138441433627,0,0.1309496690036965,LOW
2023-03-10 00:43:00,0.918388361870904,100.07131011496072,7.344306615607652,90.56138441433627,0,0.918388361870904,LOW
2023-03-10 00:44:00,0.3329019834400152,120.87821985889497,9.580419080048303,90.56138441433627,1,0.3329019834400152,MEDIUM
2023-03-10 00:45:00,0.6962700559185838,99.26905505458436,9.168442909625451,90.56138441433627,1,0.6962700559185838,MEDIUM
2023-03-10 00:46:00,0.3805399684804699,68.6367579802907,7.2030050857000045,90.56138441433627,0,0.3805399684804699,LOW
2023-03-10 00:47:00,0.5680612190600297,51.95206252452304,9.123505291689304,90.56138441433627,0,0.5680612190600297,LOW
2023-03-10 00:48:00,0.5920392514089517,119.6079099120744,8.630614652027939,90.56138441433627,0,0.5920392514089517,LOW
2023-03-10 00:49:00,0.2663690099729743,51.70155286803097,7.245176037240335,90.56138441433627,0,0.2663690099729743,LOW
2023-03-10 00:50:00,0.9726261649881028,119.97613381473596,8.37490192458597,90.56138441433627,0,0.9726261649881028,LOW
2023-03-10 00:51:00,0.7976195410250031,92.31497072217697,8.45408886139014,90.56138441433627,0,0.7976195410250031,LOW
2023-03-10 00:52:00,0.9455490474077702,125.1254158810317,7.497323620489827,90.56138441433627,0,0.9455490474077702,LOW
2023-03-10 00:53:00,0.905344615384884,113.90265886189324,9.837094441000849,90.56138441433627,0,0.905344615384884,LOW
2023-03-10 00:54:00,0.6381099809299766,129.834728842667,9.549926114441986,90.56138441433627,1,0.6381099809299766,MEDIUM
2023-03-10 00:55:00,0.9296868115208052,78.05694523613681,9.007067011987324,90.56138441433627,2,0.9296868115208052,HIGH
2023-03-10 00:56:00,0.1796432518467275,111.37506311449016,8.386886683001821,90.56138441433627,1,0.1796432518467275,MEDIUM
2023-03-10 00:57:00,0.2763845761772306,82.15447308873937,8.235296624753525,90.56138441433627,0,0.2763845761772306,LOW
2023-03-10 00:58:00,0.1407045600194842,88.39004962431271,8.952920401452863,90.56138441433627,0,0.1407045600194842,LOW
2023-03-10 00:59:00,0.3927972976869379,100.2004370574696,8.636295608220717,90.56138441433627,2,0.3927972976869379,HIGH
2023-03-10 01:00:00,0.4498095607205338,119.8941691349071,7.186819317645657,90.56138441433627,0,0.4498095607205338,LOW
2023-03-10 01:01:00,0.3442141285965063,128.72667753594362,8.537507946310996,90.56138441433627,0,0.3442141285965063,LOW
2023-03-10 01:02:00,0.8458637582367364,111.46187310916146,9.41921085169852,90.56138441433627,0,0.8458637582367364,LOW
2023-03-10 01:03:00,0.4210779940242304,83.42134257338671,8.377719632790875,90.56138441433627,1,0.4210779940242304,MEDIUM
2023-03-10 01:04:00,0.3528410587186427,83.70856018216561,7.155869732662805,90.56138441433627,1,0.3528410587186427,MEDIUM
2023-03-10 01:05:00,0.5884264748424236,109.00658412711132,9.3588345981521,90.56138441433627,0,0.5884264748424236,LOW
2023-03-10 01:06:00,0.2268318024772864,69.10217166146418,7.604091346407923,90.56138441433627,0,0.2268318024772864,LOW
2023-03-10 01:07:00,0.8219772826786357,58.837929050511576,7.775862504664117,90.56138441433627,2,0.8219772826786357,HIGH
2023-03-10 01:08:00,0.1670955793117937,78.36977261126212,7.494119060296888,90.56138441433627,0,0.1670955793117937,LOW
2023-03-10 01:09:00,0.9881982429404657,72.97911933232655,7.990645194614492,90.56138441433627,1,0.9881982429404657,MEDIUM
2023-03-10 01:10:00,0.7950202923669917,73.7046496364792,9.270254517065904,90.56138441433627,1,0.7950202923669917,MEDIUM
2023-03-10 01:11:00,0.2788441133807552,68.68862008399279,8.558157578511812,90.56138441433627,1,0.2788441133807552,MEDIUM
2023-03-10 01:12:00,0.1049699054112421,53.367455170908954,7.614643822452138,90.56138441433627,0,0.1049699054112421,LOW
2023-03-10 01:13:00,0.8339152856093507,51.42991477867311,9.633490234456122,90.56138441433627,0,0.8339152856093507,LOW
2023-03-10 01:14:00,0.7361716094628554,129.01779117888253,9.638745564854588,90.56138441433627,0,0.7361716094628554,LOW
2023-03-10 01:15:00,0.7561064512368886,84.22185069886899,9.61173527513802,90.56138441433627,1,0.7561064512368886,MEDIUM
2023-03-10 01:16:00,0.7941433120173511,80.74613177277453,7.716388634144618,90.56138441433627,2,0.7941433120173511,HIGH
2023-03-10 01:17:00,0.1666401865606813,104.3717826154456,8.353718032542965,90.56138441433627,0,0.1666401865606813,LOW
2023-03-10 01:18:00,0.4226191556898453,67.46031102920513,9.954968968422625,90.56138441433627,0,0.4226191556898453,LOW
2023-03-10 01:19:00,0.2042821535726167,125.99689471601803,9.31603742892997,90.56138441433627,2,0.2042821535726167,HIGH
2023-03-10 01:20:00,0.8767930832880342,112.90760115324416,7.081502263676679,90.56138441433627,1,0.8767930832880342,MEDIUM
2023-03-10 01:21:00,0.6609683141448022,57.15288018498076,7.195613773781476,90.56138441433627,1,0.6609683141448022,MEDIUM
2023-03-10 01:22:00,0.3978082223673843,83.40646206279428,8.391794130436999,90.56138441433627,0,0.3978082223673843,LOW
2023-03-10 01:23:00,0.1572025152574213,120.32946460497315,9.72766061758468,90.56138441433627,0,0.1572025152574213,LOW
2023-03-10 01:24:00,0.379884089544096,125.57856178331282,8.616105393858142,90.56138441433627,1,0.379884089544096,MEDIUM
2023-03-10 01:25:00,0.3926649898240724,87.39212089998958,8.49343752410287,90.56138441433627,1,0.3926649898240724,MEDIUM
2023-03-10 01:26:00,0.7566455605042577,99.07291113685662,7.316421099869892,90.56138441433627,0,0.7566455605042577,LOW
2023-03-10 01:27:00,0.6738017242196918,63.36271568736602,8.970340314172882,90.56138441433627,0,0.6738017242196918,LOW
2023-03-10 01:28:00,0.8984914683186939,129.29349009095813,9.466309481800677,90.56138441433627,0,0.8984914683186939,LOW
2023-03-10 01:29:00,0.5249934326457544,68.53373611067548,8.141260022522687,90.56138441433627,0,0.5249934326457544,LOW
2023-03-10 01:30:00,0.2076348213444715,125.41854193081004,9.326835552775982,90.56138441433627,0,0.2076348213444715,LOW
2023-03-10 01:31:00,0.7419203085006955,101.97173191938948,9.893429961702434,90.56138441433627,2,0.7419203085006955,HIGH
2023-03-10 01:32:00,0.7847065437552077,98.61894359030872,7.611299377383068,90.56138441433627,0,0.7847065437552077,LOW
2023-03-10 01:33:00,0.6051494778125466,91.01508088132069,8.569988893584224,90.56138441433627,1,0.6051494778125466,MEDIUM
2023-03-10 01:34:00,0.7938704619591049,68.45358493742069,7.861413874253727,90.56138441433627,0,0.7938704619591049,LOW
2023-03-10 01:35:00,0.5444160367279517,64.12224256044067,9.37856325710152,90.56138441433627,1,0.5444160367279517,MEDIUM
2023-03-10 01:36:00,0.5704595464437947,67.63889672561403,8.732780097643472,90.56138441433627,2,0.5704595464437947,HIGH
2023-03-10 01:37:00,0.4847869165226947,64.91506097154036,8.903747252650911,90.56138441433627,0,0.4847869165226947,LOW
2023-03-10 01:38:00,0.1228772140696856,112.36675788534026,9.39374247884768,90.56138441433627,0,0.1228772140696856,LOW
2023-03-10 01:39:00,0.197102284293974,78.01002073333841,8.187911417987365,90.56138441433627,0,0.197102284293974,LOW
2023-03-10 01:40:00,0.1282862671180608,54.62741412507171,9.745270205221129,90.56138441433627,0,0.1282862671180608,LOW
2023-03-10 01:41:00,0.6727693701374023,127.52821041126492,8.59908660173842,90.56138441433627,1,0.6727693701374023,MEDIUM
2023-03-10 01:42:00,0.382920382968694,120.70287079707406,7.473864468506044,90.56138441433627,2,0.382920382968694,HIGH
2023-03-10 01:43:00,0.5577136220482325,124.22018265561704,9.087697354506409,90.56138441433627,0,0.5577136220482325,LOW
2023-03-10 01:44:00,0.9168098265334838,129.5926258117148,9.379784051314765,90.56138441433627,0,0.9168098265334838,LOW
2023-03-10 01:45:00,0.3243630062339874,63.91161993755898,7.95028503120258,90.56138441433627,0,0.3243630062339874,LOW
2023-03-10 01:46:00,0.4693446307320668,81.6993615122127,9.571537770996258,90.56138441433627,1,0.4693446307320668,MEDIUM
2023-03-10 01:47:00,0.7799960246887438,110.6590780563273,9.7184297642973,90.56138441433627,0,0.7799960246887438,LOW
2023-03-10 01:48:00,0.3059183489424602,105.68164944430336,7.830713462133427,90.56138441433627,0,0.3059183489424602,LOW
2023-03-10 01:49:00,0.1692819188459137,62.311672507188405,9.950564418145666,90.56138441433627,1,0.1692819188459137,MEDIUM
2023-03-10 01:50:00,0.3607763076223912,115.26664999924942,7.422134584146275,90.56138441433627,1,0.3607763076223912,MEDIUM
2023-03-10 01:51:00,0.2450991585286039,67.95524574693286,7.60604700520747,90.56138441433627,0,0.2450991585286039,LOW
2023-03-10 01:52:00,0.9367278871083158,67.90540918580984,7.552674517714078,90.56138441433627,1,0.9367278871083158,MEDIUM
2023-03-10 01:53:00,0.8273083416079753,92.95795383147308,9.68196913002361,90.56138441433627,0,0.8273083416079753,LOW
2023-03-10 01:54:00,0.6700633808593811,97.43519478733626,8.962877656974886,90.56138441433627,0,0.6700633808593811,LOW
2023-03-10 01:55:00,0.884314531168946,96.40689662702488,7.456312849666818,90.56138441433627,1,0.884314531168946,MEDIUM
2023-03-10 01:56:00,0.823304869209203,57.31894699182039,8.320970255105047,90.56138441433627,1,0.823304869209203,MEDIUM
2023-03-10 01:57:00,0.2679130529974323,120.19686901043043,8.845894075209406,90.56138441433627,0,0.2679130529974323,LOW
2023-03-10 01:58:00,0.90330309864098,71.24800340709649,7.250392254968149,90.56138441433627,0,0.90330309864098,LOW
2023-03-10 01:59:00,0.5854080177240857,60.361193702624334,9.647249105222016,90.56138441433627,0,0.5854080177240857,LOW
2023-03-10 02:00:00,0.8266961396476563,121.09984638951818,9.410810606324606,90.56138441433627,0,0.8266961396476563,LOW
2023-03-10 02:01:00,0.906482169931144,126.45211985838029,8.515620320729916,90.56138441433627,0,0.906482169931144,LOW
2023-03-10 02:02:00,0.3862031274746775,118.97020938123605,9.901379845777512,90.56138441433627,0,0.3862031274746775,LOW
2023-03-10 02:03:00,0.199046732074909,114.76128597799024,8.253282937825299,90.56138441433627,0,0.199046732074909,LOW
2023-03-10 02:04:00,0.3051416462877475,102.41935845112174,9.952330957109494,90.56138441433627,1,0.3051416462877475,MEDIUM
2023-03-10 02:05:00,0.4843970097636306,94.06858964873116,9.003759996410881,90.56138441433627,1,0.4843970097636306,MEDIUM
2023-03-10 02:06:00,0.8362132893302437,56.95894079291281,8.904013819761824,90.56138441433627,1,0.8362132893302437,MEDIUM
2023-03-10 02:07:00,0.8746575249307091,82.67625704565589,7.497864685887355,90.56138441433627,0,0.8746575249307091,LOW
2023-03-10 02:08:00,0.1062569174780716,79.81508136098512,9.645783274913931,90.56138441433627,2,0.1062569174780716,HIGH
2023-03-10 02:09:00,0.5596725723198092,70.7803027008261,8.282469063761845,90.56138441433627,1,0.5596725723198092,MEDIUM
2023-03-10 02:10:00,0.4756699028339011,107.8736090950868,7.486700217347438,90.56138441433627,1,0.4756699028339011,MEDIUM
2023-03-10 02:11:00,0.2998970294236572,89.67005880630167,7.037822559927277,90.56138441433627,1,0.2998970294236572,MEDIUM
2023-03-10 02:12:00,0.2078788306003145,56.483697272611835,8.679267050915147,90.56138441433627,2,0.2078788306003145,HIGH
2023-03-10 02:13:00,0.4038536542632651,67.6146561559849,8.582198866368028,90.56138441433627,0,0.4038536542632651,LOW
2023-03-10 02:14:00,0.9486187335212672,104.66070109276768,9.158060867107476,90.56138441433627,0,0.9486187335212672,LOW
2023-03-10 02:15:00,0.3908826388186797,56.09046875922402,9.670774159053408,90.56138441433627,1,0.3908826388186797,MEDIUM
2023-03-10 02:16:00,0.5669115595690295,118.0965531239015,7.238219753929089,90.56138441433627,1,0.5669115595690295,MEDIUM
2023-03-10 02:17:00,0.7327170630056601,89.61172216111794,9.194489471021086,90.56138441433627,1,0.7327170630056601,MEDIUM
2023-03-10 02:18:00,0.4272666421413645,88.44692618613183,7.562235832292747,90.56138441433627,0,0.4272666421413645,LOW
2023-03-10 02:19:00,0.9746038744488646,97.3926227727614,9.574531159471492,90.56138441433627,0,0.9746038744488646,LOW
2023-03-10 02:20:00,0.9662025654479,115.97447727401192,9.457190541584968,90.56138441433627,0,0.9662025654479,LOW
2023-03-10 02:21:00,0.3266040662428278,77.82473663217544,8.622381264956633,90.56138441433627,2,0.3266040662428278,HIGH
2023-03-10 02:22:00,0.547523655303147,104.24129220472508,9.130728395869934,90.56138441433627,0,0.547523655303147,LOW
2023-03-10 02:23:00,0.3707904788350927,95.2585571196633,7.943050339551245,90.56138441433627,0,0.3707904788350927,LOW
2023-03-10 02:24:00,0.3563564449397208,71.3622616135537,8.413503696798443,90.56138441433627,0,0.3563564449397208,LOW
2023-03-10 02:25:00,0.1331982526190795,120.29039890841264,9.464910693131417,90.56138441433627,0,0.1331982526190795,LOW
2023-03-10 02:26:00,0.6486079005819072,113.79408172855425,8.377795591519641,90.56138441433627,1,0.6486079005819072,MEDIUM
2023-03-10 02:27:00,0.5524111209059753,102.67614677267404,8.073394795976325,90.56138441433627,1,0.5524111209059753,MEDIUM
2023-03-10 02:28:00,0.1463308761249904,118.04653832753937,8.4826373417509,90.56138441433627,1,0.1463308761249904,MEDIUM
2023-03-10 02:29:00,0.3507818178129502,119.3835360767842,9.484747757311656,90.56138441433627,0,0.3507818178129502,LOW
2023-03-10 02:30:00,0.9174392973699884,106.6690381372028,8.005624142112618,90.56138441433627,1,0.9174392973699884,MEDIUM
2023-03-10 02:31:00,0.3156057016002752,116.96106626909376,7.521284779407232,90.56138441433627,0,0.3156057016002752,LOW
2023-03-10 02:32:00,0.2304053848821008,105.79771693354267,9.136042060992342,90.56138441433627,1,0.2304053848821008,MEDIUM
2023-03-10 02:33:00,0.5405074842498068,104.41126174082405,9.477934638124246,90.56138441433627,0,0.5405074842498068,LOW
2023-03-10 02:34:00,0.9870854086995406,99.48891025721474,7.3019124355706,90.56138441433627,0,0.9870854086995406,LOW
2023-03-10 02:35:00,0.3178497443603504,110.2173311646113,7.719622338267834,90.56138441433627,1,0.3178497443603504,MEDIUM
2023-03-10 02:36:00,0.7049219926652907,62.68840842344589,7.425915969282982,90.56138441433627,2,0.7049219926652907,HIGH
2023-03-10 02:37:00,0.7854576537958459,120.46966073591427,8.0438242347465,90.56138441433627,0,0.7854576537958459,LOW
2023-03-10 02:38:00,0.3138737895931597,119.74748221961856,8.351052936716238,90.56138441433627,1,0.3138737895931597,MEDIUM
2023-03-10 02:39:00,0.7553947137506736,52.33978264276473,9.24647901088992,90.56138441433627,0,0.7553947137506736,LOW
2023-03-10 02:40:00,0.4310048194473279,116.06534004518102,8.953442754645023,90.56138441433627,0,0.4310048194473279,LOW
2023-03-10 02:41:00,0.6690752475342215,60.30958939787561,8.862785702435293,90.56138441433627,0,0.6690752475342215,LOW
2023-03-10 02:42:00,0.6701767396848052,76.80950834073136,8.057124839828964,90.56138441433627,0,0.6701767396848052,LOW
2023-03-10 02:43:00,0.5821972156672827,109.48066050332862,9.52434265925428,90.56138441433627,0,0.5821972156672827,LOW
2023-03-10 02:44:00,0.1812607930489674,62.860791683864655,8.413861502194493,90.56138441433627,0,0.1812607930489674,LOW
2023-03-10 02:45:00,0.8517722460303142,115.43736192952495,9.937314814045465,90.56138441433627,0,0.8517722460303142,LOW
2023-03-10 02:46:00,0.3887020584745623,116.57073423661936,8.902426414887211,90.56138441433627,2,0.3887020584745623,HIGH
2023-03-10 02:47:00,0.2678666593598688,90.5974187008669,7.378794224693508,90.56138441433627,0,0.2678666593598688,LOW
2023-03-10 02:48:00,0.1366976273992875,50.51086973734669,9.028532686226304,90.56138441433627,1,0.1366976273992875,MEDIUM
2023-03-10 02:49:00,0.6318036488694176,72.96305065399302,7.975312046295097,90.56138441433627,0,0.6318036488694176,LOW
2023-03-10 02:50:00,0.7098079256580542,99.35415347005936,9.058981590058291,90.56138441433627,1,0.7098079256580542,MEDIUM
2023-03-10 02:51:00,0.1149290460350705,128.49489424219388,7.208923444487217,90.56138441433627,0,0.1149290460350705,LOW
2023-03-10 02:52:00,0.5608837524693528,100.54508216133348,7.5246443115278785,90.56138441433627,0,0.5608837524693528,LOW
2023-03-10 02:53:00,0.3038461976781441,70.78428648513278,9.56721177671736,90.56138441433627,0,0.3038461976781441,LOW
2023-03-10 02:54:00,0.6806555113685049,100.72045624796893,7.681538671070545,90.56138441433627,0,0.6806555113685049,LOW
2023-03-10 02:55:00,0.2569297861044923,93.19883037726844,9.51112337572882,90.56138441433627,0,0.2569297861044923,LOW
2023-03-10 02:56:00,0.7218439642922193,112.3876316120915,7.837828265363231,90.56138441433627,1,0.7218439642922193,MEDIUM
2023-03-10 02:57:00,0.4480618116704836,58.558451106156674,8.928645730176124,90.56138441433627,1,0.4480618116704836,MEDIUM
2023-03-10 02:58:00,0.9430569898630612,110.88223220016224,9.082451720529493,90.56138441433627,1,0.9430569898630612,MEDIUM
2023-03-10 02:59:00,0.2237688497313939,93.30132629408882,8.537964259435158,90.56138441433627,1,0.2237688497313939,MEDIUM
2023-03-10 03:00:00,0.4069597159452327,127.03936030871957,7.915932030090194,90.56138441433627,0,0.4069597159452327,LOW
2023-03-10 03:01:00,0.2021261691165301,77.34977328309489,7.637933129113288,90.56138441433627,0,0.2021261691165301,LOW
2023-03-10 03:02:00,0.9322242564507064,100.60975145071583,7.099568063687279,90.56138441433627,0,0.9322242564507064,LOW
2023-03-10 03:03:00,0.889605418042883,124.5622484408014,7.911839203722171,90.56138441433627,0,0.889605418042883,LOW
2023-03-10 03:04:00,0.33214746494364,58.20077823925434,8.95948837159385,90.56138441433627,0,0.33214746494364,LOW
2023-03-10 03:05:00,0.6939856414307611,124.9782789789161,9.814914455345448,90.56138441433627,0,0.6939856414307611,LOW
2023-03-10 03:06:00,0.8354999801810943,105.03085778406506,9.613613446789156,90.56138441433627,0,0.8354999801810943,LOW
2023-03-10 03:07:00,0.5996807304395161,55.42696472841375,9.298194329605908,90.56138441433627,0,0.5996807304395161,LOW
2023-03-10 03:08:00,0.5766855205204059,74.0770853557453,9.365342029759896,90.56138441433627,1,0.5766855205204059,MEDIUM
2023-03-10 03:09:00,0.3176670618104065,106.65376709162253,8.994954710427987,90.56138441433627,1,0.3176670618104065,MEDIUM
2023-03-10 03:10:00,0.1837924910253093,55.38804811750174,7.780860572698009,90.56138441433627,0,0.1837924910253093,LOW
2023-03-10 03:11:00,0.907494182157994,96.57363681410186,9.72158509211749,90.56138441433627,2,0.907494182157994,HIGH
2023-03-10 03:12:00,0.9103762514469974,77.67064455623654,9.0121969357175,90.56138441433627,2,0.9103762514469974,HIGH
2023-03-10 03:13:00,0.6697913115459412,99.67324142139816,8.68132189294132,90.56138441433627,0,0.6697913115459412,LOW
2023-03-10 03:14:00,0.4051268119438306,53.65936270500103,7.332968407640443,90.56138441433627,0,0.4051268119438306,LOW
2023-03-10 03:15:00,0.4142886171513948,119.7229444921901,8.341166631419277,90.56138441433627,0,0.4142886171513948,LOW
2023-03-10 03:16:00,0.7533601109832154,127.87911753419176,8.381074813605778,90.56138441433627,2,0.7533601109832154,HIGH
2023-03-10 03:17:00,0.9073992339573194,127.51022842285532,9.59369082856801,90.56138441433627,1,0.9073992339573194,MEDIUM
2023-03-10 03:18:00,0.8983777818386056,109.97214653943398,8.639944660563366,90.56138441433627,0,0.8983777818386056,LOW
2023-03-10 03:19:00,0.8018879912718615,60.40689921045056,8.14120164691123,90.56138441433627,0,0.8018879912718615,LOW
2023-03-10 03:20:00,0.677828481538859,110.6610556743218,9.930400985531978,90.56138441433627,0,0.677828481538859,LOW
2023-03-10 03:21:00,0.1757259684955439,51.96695331670412,7.332161779978947,90.56138441433627,0,0.1757259684955439,LOW
2023-03-10 03:22:00,0.2454658426851524,51.76988412231978,8.267645284935835,90.56138441433627,0,0.2454658426851524,LOW
2023-03-10 03:23:00,0.9086987696743714,75.8888175319633,7.126074025514216,90.56138441433627,1,0.9086987696743714,MEDIUM
2023-03-10 03:24:00,0.6457861536936309,89.09145523237326,9.219712362300791,90.56138441433627,1,0.6457861536936309,MEDIUM
2023-03-10 03:25:00,0.1082773464549666,111.63259342462344,9.754229656597452,90.56138441433627,1,0.1082773464549666,MEDIUM
2023-03-10 03:26:00,0.1913243885794289,104.66363012852042,7.8401119886514685,90.56138441433627,1,0.1913243885794289,MEDIUM
2023-03-10 03:27:00,0.6971515921972502,85.67221651013986,9.575025030397365,90.56138441433627,1,0.6971515921972502,MEDIUM
2023-03-10 03:28:00,0.1045554254615968,71.89013330253327,7.876654691385693,90.56138441433627,0,0.1045554254615968,LOW
2023-03-10 03:29:00,0.2447272462757488,129.76996001261688,9.732310484931745,90.56138441433627,1,0.2447272462757488,MEDIUM
2023-03-10 03:30:00,0.5938604104299275,84.09450417887783,9.261885710790352,90.56138441433627,0,0.5938604104299275,LOW
2023-03-10 03:31:00,0.7227056779234239,86.11096194637403,9.414720330524316,90.56138441433627,1,0.7227056779234239,MEDIUM
2023-03-10 03:32:00,0.6867651335523405,63.089905695333535,7.054019666801364,90.56138441433627,0,0.6867651335523405,LOW
2023-03-10 03:33:00,0.3018423785145038,113.58476389999436,9.888431071222078,90.56138441433627,1,0.3018423785145038,MEDIUM
2023-03-10 03:34:00,0.7409612992127823,105.49457806251908,9.18001297621097,90.56138441433627,0,0.7409612992127823,LOW
2023-03-10 03:35:00,0.3135241787471201,67.66156902310084,7.9142532861584,90.56138441433627,0,0.3135241787471201,LOW
2023-03-10 03:36:00,0.3928597283433409,56.59048364926741,9.48818399457654,90.56138441433627,0,0.3928597283433409,LOW
2023-03-10 03:37:00,0.7718422646062217,104.43994416597704,7.844563595244789,90.56138441433627,0,0.7718422646062217,LOW
2023-03-10 03:38:00,0.6846696091424932,102.3608971424908,9.618261518698384,90.56138441433627,1,0.6846696091424932,MEDIUM
2023-03-10 03:39:00,0.8643010694447602,71.86076215985675,7.337741171235811,90.56138441433627,1,0.8643010694447602,MEDIUM
2023-03-10 03:40:00,0.691851603070309,126.06908498003284,9.111057932382389,90.56138441433627,0,0.691851603070309,LOW
2023-03-10 03:41:00,0.6114777430019245,62.08463134247202,8.622095429934731,90.56138441433627,0,0.6114777430019245,LOW
2023-03-10 03:42:00,0.1843072910452832,84.58678408340816,7.289603410586323,90.56138441433627,0,0.1843072910452832,LOW
2023-03-10 03:43:00,0.4309442227534902,125.4892736134079,7.725681484776517,90.56138441433627,0,0.4309442227534902,LOW
2023-03-10 03:44:00,0.3386821309135529,83.57818535408978,7.037212108831945,90.56138441433627,0,0.3386821309135529,LOW
2023-03-10 03:45:00,0.3195906790411752,101.08207581312683,8.406303896393517,90.56138441433627,1,0.3195906790411752,MEDIUM
2023-03-10 03:46:00,0.975709499277201,81.80755183702354,7.903795782280001,90.56138441433627,0,0.975709499277201,LOW
2023-03-10 03:47:00,0.4537879522000844,71.9372161878936,8.795072452893276,90.56138441433627,0,0.4537879522000844,LOW
2023-03-10 03:48:00,0.902841899659402,128.71821183678625,7.891713423125852,90.56138441433627,0,0.902841899659402,LOW
2023-03-10 03:49:00,0.6680247633975366,82.74672050520344,7.899757334520954,90.56138441433627,0,0.6680247633975366,LOW
2023-03-10 03:50:00,0.8153301731874836,121.52793629433076,9.22957959619481,90.56138441433627,0,0.8153301731874836,LOW
2023-03-10 03:51:00,0.5523733837946729,68.39636847128689,7.144428507935061,90.56138441433627,1,0.5523733837946729,MEDIUM
2023-03-10 03:52:00,0.6192134961637232,67.04837632200666,9.708684985575962,90.56138441433627,0,0.6192134961637232,LOW
2023-03-10 03:53:00,0.5432659244369775,52.49072663076091,9.556791623173543,90.56138441433627,0,0.5432659244369775,LOW
2023-03-10 03:54:00,0.27571868901824,102.1333460300708,9.00341404967922,90.56138441433627,0,0.27571868901824,LOW
2023-03-10 03:55:00,0.7502069037353548,79.4821074979009,8.779664710322153,90.56138441433627,0,0.7502069037353548,LOW
2023-03-10 03:56:00,0.3526951261967702,119.14865998717096,9.676907494418955,90.56138441433627,0,0.3526951261967702,LOW
2023-03-10 03:57:00,0.1218843697883084,87.85679253532457,7.555990538586143,90.56138441433627,2,0.1218843697883084,HIGH
2023-03-10 03:58:00,0.680925066316451,127.45547423317774,7.236907486572486,90.56138441433627,1,0.680925066316451,MEDIUM
2023-03-10 03:59:00,0.259399611466344,64.84204125624969,7.718530509728614,90.56138441433627,0,0.259399611466344,LOW
2023-03-10 04:00:00,0.9464127259176228,119.48985343644888,9.38373483610057,90.56138441433627,0,0.9464127259176228,LOW
2023-03-10 04:01:00,0.9585357193023286,112.12774822333934,7.10401080017945,90.56138441433627,0,0.9585357193023286,LOW
2023-03-10 04:02:00,0.9233779511984036,111.67374757152416,8.748420505250468,90.56138441433627,0,0.9233779511984036,LOW
2023-03-10 04:03:00,0.4331428302298999,117.582658249351,9.98631254857393,90.56138441433627,1,0.4331428302298999,MEDIUM
2023-03-10 04:04:00,0.1139109548759806,110.88191927543993,9.567088281512618,90.56138441433627,1,0.1139109548759806,MEDIUM
2023-03-10 04:05:00,0.9354867063289528,100.09762573051324,8.564337067130769,90.56138441433627,0,0.9354867063289528,LOW
2023-03-10 04:06:00,0.4853657334855829,60.49959021459101,7.1909227278599275,90.56138441433627,0,0.4853657334855829,LOW
2023-03-10 04:07:00,0.9699893371393026,52.60209435930015,9.49412054315713,90.56138441433627,0,0.9699893371393026,LOW
2023-03-10 04:08:00,0.9672579793803276,123.66782782525496,8.796935524531632,90.56138441433627,1,0.9672579793803276,MEDIUM
2023-03-10 04:09:00,0.8677085099206241,99.33202516165905,7.344798991178701,90.56138441433627,1,0.8677085099206241,MEDIUM
2023-03-10 04:10:00,0.3650040028626271,113.7229832780941,7.2815718544700685,90.56138441433627,0,0.3650040028626271,LOW
2023-03-10 04:11:00,0.4465879557417327,88.52178812100401,9.728880458309778,90.56138441433627,0,0.4465879557417327,LOW
2023-03-10 04:12:00,0.8660230043651712,59.38465511699156,9.007600788814235,90.56138441433627,1,0.8660230043651712,MEDIUM
2023-03-10 04:13:00,0.3852298046406499,60.01486337620403,9.487860397950266,90.56138441433627,0,0.3852298046406499,LOW
2023-03-10 04:14:00,0.2525434720174833,104.84522297831772,9.6369367008468,90.56138441433627,0,0.2525434720174833,LOW
2023-03-10 04:15:00,0.6011211362125152,84.42447159195702,8.715317056144967,90.56138441433627,0,0.6011211362125152,LOW
2023-03-10 04:16:00,0.9425392967447028,66.04197813602694,8.552339055265124,90.56138441433627,1,0.9425392967447028,MEDIUM
2023-03-10 04:17:00,0.7264268170074757,89.32756373931495,8.29128223096297,90.56138441433627,0,0.7264268170074757,LOW
2023-03-10 04:18:00,0.6130550530804285,55.13671496601073,7.950839763373358,90.56138441433627,0,0.6130550530804285,LOW
2023-03-10 04:19:00,0.1874588443936917,96.5577121531519,8.303787882576135,90.56138441433627,1,0.1874588443936917,MEDIUM
2023-03-10 04:20:00,0.6535065040292528,71.51947235480782,9.32163896719047,90.56138441433627,0,0.6535065040292528,LOW
2023-03-10 04:21:00,0.9910484650938368,113.80472805097506,8.805770293045395,90.56138441433627,0,0.9910484650938368,LOW
2023-03-10 04:22:00,0.2260756137128716,74.8289567138859,9.677569869864538,90.56138441433627,0,0.2260756137128716,LOW
2023-03-10 04:23:00,0.5664966871273631,86.4176119265441,8.330140043137563,90.56138441433627,0,0.5664966871273631,LOW
2023-03-10 04:24:00,0.8896357647351599,50.92964319264805,8.821268736156263,90.56138441433627,1,0.8896357647351599,MEDIUM
2023-03-10 04:25:00,0.766691755978784,55.79575102356471,8.893922659275965,90.56138441433627,0,0.766691755978784,LOW
2023-03-10 04:26:00,0.7273141668957411,81.39948451253478,8.775091486918976,90.56138441433627,0,0.7273141668957411,LOW
2023-03-10 04:27:00,0.7322356755883983,88.39510677736988,9.107901319256548,90.56138441433627,0,0.7322356755883983,LOW
2023-03-10 04:28:00,0.4235420360977796,98.0016438495443,7.712300405124418,90.56138441433627,1,0.4235420360977796,MEDIUM
2023-03-10 04:29:00,0.3642326598380441,73.33300629674426,8.537091332637372,90.56138441433627,1,0.3642326598380441,MEDIUM
2023-03-10 04:30:00,0.8284250399306623,105.5985508901234,7.312674408425043,90.56138441433627,0,0.8284250399306623,LOW
2023-03-10 04:31:00,0.8291020552112627,118.80979177513636,8.153533982934437,90.56138441433627,0,0.8291020552112627,LOW
2023-03-10 04:32:00,0.8803650867220933,112.388079111468,8.463001205863794,90.56138441433627,1,0.8803650867220933,MEDIUM
2023-03-10 04:33:00,0.921916497300824,53.16950602786857,8.956672778636417,90.56138441433627,0,0.921916497300824,LOW
2023-03-10 04:34:00,0.560208158974844,88.44055578062631,9.85159315775861,90.56138441433627,1,0.560208158974844,MEDIUM
2023-03-10 04:35:00,0.5513646652184797,58.39441427345399,8.801953199645068,90.56138441433627,1,0.5513646652184797,MEDIUM
2023-03-10 04:36:00,0.8184656610700977,69.3636012690022,9.23078174852968,90.56138441433627,1,0.8184656610700977,MEDIUM
2023-03-10 04:37:00,0.6849675376999886,128.93300746137172,8.518798178485609,90.56138441433627,0,0.6849675376999886,LOW
2023-03-10 04:38:00,0.731770189531933,61.39964343212106,8.902312094128995,90.56138441433627,0,0.731770189531933,LOW
2023-03-10 04:39:00,0.816213402492491,89.91105227610848,7.21279664840132,90.56138441433627,1,0.816213402492491,MEDIUM
2023-03-10 04:40:00,0.9010048076358096,99.45245874544952,7.763174742525541,90.56138441433627,0,0.9010048076358096,LOW
2023-03-10 04:41:00,0.4041956411663823,106.19719764352833,8.085559279615417,90.56138441433627,0,0.4041956411663823,LOW
2023-03-10 04:42:00,0.4380246573759496,94.77189467895312,8.417480065019541,90.56138441433627,1,0.4380246573759496,MEDIUM
2023-03-10 04:43:00,0.1845837458567821,50.781667793534695,7.136946236507152,90.56138441433627,1,0.1845837458567821,MEDIUM
2023-03-10 04:44:00,0.6204521268965566,76.11690465951935,7.420072292659953,90.56138441433627,0,0.6204521268965566,LOW
2023-03-10 04:45:00,0.1323480464170678,91.41693147077692,7.830442923373917,90.56138441433627,0,0.1323480464170678,LOW
2023-03-10 04:46:00,0.5190382163192142,57.02931993158667,9.914598072703152,90.56138441433627,0,0.5190382163192142,LOW
2023-03-10 04:47:00,0.588380171236819,78.05015449673446,7.994041021309152,90.56138441433627,1,0.588380171236819,MEDIUM
2023-03-10 04:48:00,0.357887126915456,52.65624870330932,8.446123174336247,90.56138441433627,2,0.357887126915456,HIGH
2023-03-10 04:49:00,0.6317499345121097,56.286279772401656,7.588293138215179,90.56138441433627,0,0.6317499345121097,LOW
2023-03-10 04:50:00,0.1274502249451445,81.75386209612768,8.832340213227305,90.56138441433627,0,0.1274502249451445,LOW
2023-03-10 04:51:00,0.1336133698742929,60.617260323444825,7.842049646547923,90.56138441433627,1,0.1336133698742929,MEDIUM
2023-03-10 04:52:00,0.8403405045936925,95.40326786092464,7.62097773531528,90.56138441433627,0,0.8403405045936925,LOW
2023-03-10 04:53:00,0.4241715772701366,105.15719753098124,8.549717885337937,90.56138441433627,0,0.4241715772701366,LOW
2023-03-10 04:54:00,0.2143544613866963,114.04693592872664,7.0165173974812625,90.56138441433627,2,0.2143544613866963,HIGH
2023-03-10 04:55:00,0.5700189340493239,66.0120195395848,7.022992097947676,90.56138441433627,0,0.5700189340493239,LOW
2023-03-10 04:56:00,0.7929941977887498,63.398606580725584,7.657206427305573,90.56138441433627,1,0.7929941977887498,MEDIUM
2023-03-10 04:57:00,0.2942389247471588,58.36542722675202,7.110164087502463,90.56138441433627,0,0.2942389247471588,LOW
2023-03-10 04:58:00,0.6606014282371002,100.91441996349091,7.324077262392074,90.56138441433627,0,0.6606014282371002,LOW
2023-03-10 04:59:00,0.1768127184943912,106.5180581189521,8.016581948016254,90.56138441433627,1,0.1768127184943912,MEDIUM
2023-03-10 05:00:00,0.1465135490517469,52.52689158605136,9.407757038739438,90.56138441433627,0,0.1465135490517469,LOW
2023-03-10 05:01:00,0.5782191684113333,124.8969796994952,8.716145930107903,90.56138441433627,2,0.5782191684113333,HIGH
2023-03-10 05:02:00,0.5865716094490959,54.157702692117795,8.53800317786925,90.56138441433627,0,0.5865716094490959,LOW
2023-03-10 05:03:00,0.6736869113483859,93.30370682408564,7.8804664696243645,90.56138441433627,0,0.6736869113483859,LOW
2023-03-10 05:04:00,0.7534822003503954,106.72484155607332,9.795261158298448,90.56138441433627,0,0.7534822003503954,LOW
2023-03-10 05:05:00,0.9782668715162812,119.67752989968685,8.191045123711575,90.56138441433627,0,0.9782668715162812,LOW
2023-03-10 05:06:00,0.5646703134710758,107.12695457059422,7.261278300387314,90.56138441433627,0,0.5646703134710758,LOW
2023-03-10 05:07:00,0.3906608256471213,114.13824664558337,8.851199548353403,90.56138441433627,0,0.3906608256471213,LOW
2023-03-10 05:08:00,0.8156675752918333,77.15601540342448,7.341515180429804,90.56138441433627,0,0.8156675752918333,LOW
2023-03-10 05:09:00,0.3437490261358668,115.18600909972098,8.035669428405075,90.56138441433627,0,0.3437490261358668,LOW
2023-03-10 05:10:00,0.4950742786350725,56.40918771077401,8.522235816153426,90.56138441433627,1,0.4950742786350725,MEDIUM
2023-03-10 05:11:00,0.1706107432080393,121.5853324848422,9.622667574055528,90.56138441433627,1,0.1706107432080393,MEDIUM
2023-03-10 05:12:00,0.1228156690739117,93.8073900922989,8.480639741020356,90.56138441433627,1,0.1228156690739117,MEDIUM
2023-03-10 05:13:00,0.9663835732101326,115.3838215969995,9.106776298094992,90.56138441433627,0,0.9663835732101326,LOW
2023-03-10 05:14:00,0.8523821084609853,86.18546276146401,9.97845051699721,90.56138441433627,0,0.8523821084609853,LOW
2023-03-10 05:15:00,0.7263767854843282,101.486215615722,7.394467359693944,90.56138441433627,1,0.7263767854843282,MEDIUM
2023-03-10 05:16:00,0.4680576499728429,92.11221287488904,7.8241945765585585,90.56138441433627,0,0.4680576499728429,LOW
2023-03-10 05:17:00,0.2559648880637612,108.52716174042656,8.183728226792939,90.56138441433627,0,0.2559648880637612,LOW
2023-03-10 05:18:00,0.2407933384039774,56.53039856244717,8.265484535616494,90.56138441433627,1,0.2407933384039774,MEDIUM
2023-03-10 05:19:00,0.3252186083481358,54.828166719245104,8.233063225796638,90.56138441433627,1,0.3252186083481358,MEDIUM
2023-03-10 05:20:00,0.5943039982355084,69.76825872081172,9.722833007669664,90.56138441433627,0,0.5943039982355084,LOW
2023-03-10 05:21:00,0.7431363304300561,62.76357440905507,9.142097933400567,90.56138441433627,0,0.7431363304300561,LOW
2023-03-10 05:22:00,0.6941776390459581,119.74268532737614,8.823715642272111,90.56138441433627,1,0.6941776390459581,MEDIUM
2023-03-10 05:23:00,0.3519405072513486,67.53711898864354,7.928118153588346,90.56138441433627,0,0.3519405072513486,LOW
2023-03-10 05:24:00,0.9593787525968748,128.06922046553052,9.471371152663885,90.56138441433627,1,0.9593787525968748,MEDIUM
2023-03-10 05:25:00,0.7641072250261917,76.95166334168854,9.865181534454967,90.56138441433627,1,0.7641072250261917,MEDIUM
2023-03-10 05:26:00,0.5989186472602607,64.56943325509594,9.46359484765068,90.56138441433627,1,0.5989186472602607,MEDIUM
2023-03-10 05:27:00,0.650548671610917,113.17588057139832,7.004695315574419,90.56138441433627,0,0.650548671610917,LOW
2023-03-10 05:28:00,0.4776400561850109,102.69662204007008,8.90920411055022,90.56138441433627,0,0.4776400561850109,LOW
2023-03-10 05:29:00,0.3229578905510417,89.85565731625113,7.153406144326302,90.56138441433627,1,0.3229578905510417,MEDIUM
2023-03-10 05:30:00,0.4203754107861355,94.42908407501052,7.772821661001165,90.56138441433627,1,0.4203754107861355,MEDIUM
2023-03-10 05:31:00,0.7820614994179322,107.53614226178112,7.178574101043315,90.56138441433627,1,0.7820614994179322,MEDIUM
2023-03-10 05:32:00,0.1129541397667802,68.2763793065039,8.811386358848164,90.56138441433627,0,0.1129541397667802,LOW
2023-03-10 05:33:00,0.2044653764562246,129.70671328453935,9.05976974047782,90.56138441433627,0,0.2044653764562246,LOW
2023-03-10 05:34:00,0.1414023778195774,127.98345297174264,7.3434629141977155,90.56138441433627,1,0.1414023778195774,MEDIUM
2023-03-10 05:35:00,0.1366559220870731,102.02605490775495,8.151516649134939,90.56138441433627,1,0.1366559220870731,MEDIUM
2023-03-10 05:36:00,0.8699145256099065,65.96339607433161,8.368709526866626,90.56138441433627,2,0.8699145256099065,HIGH
2023-03-10 05:37:00,0.7332920734420213,104.41825939450332,8.10715906528275,90.56138441433627,1,0.7332920734420213,MEDIUM
2023-03-10 05:38:00,0.5267564461785927,55.77587271833407,7.363075001455579,90.56138441433627,0,0.5267564461785927,LOW
2023-03-10 05:39:00,0.1880507445859013,52.45220017646449,8.256843370562427,90.56138441433627,1,0.1880507445859013,MEDIUM
2023-03-10 05:40:00,0.5424542876051491,70.6146310808971,9.253534143425254,90.56138441433627,1,0.5424542876051491,MEDIUM
2023-03-10 05:41:00,0.5261245937025091,87.00983653914531,7.2130229935997665,90.56138441433627,0,0.5261245937025091,LOW
2023-03-10 05:42:00,0.2558816829190137,119.46180043267044,7.24054004224571,90.56138441433627,1,0.2558816829190137,MEDIUM
2023-03-10 05:43:00,0.4904664843141757,108.17352558130465,8.064313875507953,90.56138441433627,0,0.4904664843141757,LOW
2023-03-10 05:44:00,0.458654260957636,109.41652169599848,9.825177134856776,90.56138441433627,0,0.458654260957636,LOW
2023-03-10 05:45:00,0.6542650882469948,84.03946675584604,9.005717940168742,90.56138441433627,1,0.6542650882469948,MEDIUM
2023-03-10 05:46:00,0.6715842857808794,77.67479940375704,9.036009870017692,90.56138441433627,0,0.6715842857808794,LOW
2023-03-10 05:47:00,0.14077360879484,79.68310103876821,8.085759972513594,90.56138441433627,0,0.14077360879484,LOW
2023-03-10 05:48:00,0.4371513531638241,129.01196509888462,8.780982373625616,90.56138441433627,0,0.4371513531638241,LOW
2023-03-10 05:49:00,0.6632739241428127,53.2087353129986,7.03039355208323,90.56138441433627,0,0.6632739241428127,LOW
2023-03-10 05:50:00,0.552822632722079,119.36251968979587,8.908288139228628,90.56138441433627,0,0.552822632722079,LOW
2023-03-10 05:51:00,0.87084085706949,96.29403268579148,9.73986084272871,90.56138441433627,0,0.87084085706949,LOW
2023-03-10 05:52:00,0.6928242684570505,85.08923353516724,8.837720405034457,90.56138441433627,2,0.6928242684570505,HIGH
2023-03-10 05:53:00,0.2466409843732867,108.02061283321092,9.621095780399036,90.56138441433627,0,0.2466409843732867,LOW
2023-03-10 05:54:00,0.1635118726603868,88.93351531397623,9.17191916639828,90.56138441433627,0,0.1635118726603868,LOW
2023-03-10 05:55:00,0.678177350385684,119.87385904653284,7.36167524921107,90.56138441433627,0,0.678177350385684,LOW
2023-03-10 05:56:00,0.1238601794874596,122.05614912090068,9.707359921857526,90.56138441433627,1,0.1238601794874596,MEDIUM
2023-03-10 05:57:00,0.627198023146117,83.73767414987643,7.199331533067324,90.56138441433627,0,0.627198023146117,LOW
2023-03-10 05:58:00,0.9462072172824618,72.14622377880413,8.601902417643291,90.56138441433627,1,0.9462072172824618,MEDIUM
2023-03-10 05:59:00,0.6179267600882911,97.38802628746896,7.426411371380373,90.56138441433627,1,0.6179267600882911,MEDIUM
2023-03-10 06:00:00,0.4493529335858697,122.98906764933528,7.035119832192712,90.56138441433627,1,0.4493529335858697,MEDIUM
2023-03-10 06:01:00,0.6789593965981179,66.85297512045332,8.266102780382917,90.56138441433627,0,0.6789593965981179,LOW
2023-03-10 06:02:00,0.512427601442365,99.83732668507862,7.885122122962469,90.56138441433627,1,0.512427601442365,MEDIUM
2023-03-10 06:03:00,0.5910551103843414,100.52481760740164,8.45800148139281,90.56138441433627,0,0.5910551103843414,LOW
2023-03-10 06:04:00,0.9473183278988726,108.64904179322248,8.731599660203653,90.56138441433627,2,0.9473183278988726,HIGH
2023-03-10 06:05:00,0.4474923740206968,60.525414810180784,7.131217216926842,90.56138441433627,1,0.4474923740206968,MEDIUM
2023-03-10 06:06:00,0.9650715074415228,107.26599717456708,7.369009885371237,90.56138441433627,0,0.9650715074415228,LOW
2023-03-10 06:07:00,0.9148155777604574,122.72260165325127,8.675927189351276,90.56138441433627,0,0.9148155777604574,LOW
2023-03-10 06:08:00,0.2762120213103668,64.37464870961935,8.029502059517975,90.56138441433627,0,0.2762120213103668,LOW
2023-03-10 06:09:00,0.1624251707876489,69.00346599391021,9.187520462648344,90.56138441433627,1,0.1624251707876489,MEDIUM
2023-03-10 06:10:00,0.190700201239684,127.71160752333115,8.95687494577582,90.56138441433627,0,0.190700201239684,LOW
2023-03-10 06:11:00,0.1163996430863947,64.47815621675917,9.53681308896972,90.56138441433627,0,0.1163996430863947,LOW
2023-03-10 06:12:00,0.1849986646803355,118.35080746956632,9.077478480007676,90.56138441433627,0,0.1849986646803355,LOW
2023-03-10 06:13:00,0.7147060960747211,89.38222851584278,8.289793232170444,90.56138441433627,1,0.7147060960747211,MEDIUM
2023-03-10 06:14:00,0.1640697836142061,69.77848595225416,9.018899867183295,90.56138441433627,1,0.1640697836142061,MEDIUM
2023-03-10 06:15:00,0.3870780672643852,119.65999210180092,7.826143522766255,90.56138441433627,1,0.3870780672643852,MEDIUM
2023-03-10 06:16:00,0.8603877798725091,85.62442040021324,7.918940496334638,90.56138441433627,1,0.8603877798725091,MEDIUM
2023-03-10 06:17:00,0.1209447421622432,91.18538831437522,9.36695547976238,90.56138441433627,0,0.1209447421622432,LOW
2023-03-10 06:18:00,0.8330216343300422,78.73866955198125,8.339258549204747,90.56138441433627,0,0.8330216343300422,LOW
2023-03-10 06:19:00,0.35366929729606,97.4360681147942,9.395141021555055,90.56138441433627,1,0.35366929729606,MEDIUM
2023-03-10 06:20:00,0.2063483448594906,63.08190980680182,9.467267121004834,90.56138441433627,0,0.2063483448594906,LOW
2023-03-10 06:21:00,0.7270634488277355,81.28652293214085,9.572687012983852,90.56138441433627,0,0.7270634488277355,LOW
2023-03-10 06:22:00,0.6660485621018956,127.552985786823,9.749905707523622,90.56138441433627,0,0.6660485621018956,LOW
2023-03-10 06:23:00,0.8897248121743476,70.6506746160902,8.292955661539889,90.56138441433627,0,0.8897248121743476,LOW
2023-03-10 06:24:00,0.7615639394234972,102.53893316330335,7.956600454963416,90.56138441433627,0,0.7615639394234972,LOW
2023-03-10 06:25:00,0.8231328373463637,76.01520513797558,8.746596239782342,90.56138441433627,1,0.8231328373463637,MEDIUM
2023-03-10 06:26:00,0.3538311153141759,111.87785005492805,8.113517270312883,90.56138441433627,0,0.3538311153141759,LOW
2023-03-10 06:27:00,0.2596955894017505,60.46989285746798,8.803222500400699,90.56138441433627,0,0.2596955894017505,LOW
2023-03-10 06:28:00,0.7755532764767725,127.58568360628358,9.116757587931474,90.56138441433627,0,0.7755532764767725,LOW
2023-03-10 06:29:00,0.8261512653405376,86.30316331069113,9.065215055476411,90.56138441433627,1,0.8261512653405376,MEDIUM
2023-03-10 06:30:00,0.991454627800606,68.88403706771712,8.123658661060364,90.56138441433627,0,0.991454627800606,LOW
2023-03-10 06:31:00,0.4713559092202838,55.87973978640101,7.500580605096259,90.56138441433627,1,0.4713559092202838,MEDIUM
2023-03-10 06:32:00,0.4348162772135049,63.58063240700326,8.291588015386623,90.56138441433627,1,0.4348162772135049,MEDIUM
2023-03-10 06:33:00,0.7987716646677971,91.58191588448142,7.427782432245726,90.56138441433627,0,0.7987716646677971,LOW
2023-03-10 06:34:00,0.4067231862277161,76.9602541145029,9.670291105551424,90.56138441433627,2,0.4067231862277161,HIGH
2023-03-10 06:35:00,0.9376815930432082,116.31066927060876,8.037632382213573,90.56138441433627,2,0.9376815930432082,HIGH
2023-03-10 06:36:00,0.8725714766587106,84.47100189294447,7.463379241669971,90.56138441433627,1,0.8725714766587106,MEDIUM
2023-03-10 06:37:00,0.4860946246375165,69.8971418070104,7.0763432797172525,90.56138441433627,1,0.4860946246375165,MEDIUM
2023-03-10 06:38:00,0.7757839610123476,99.3715989283224,8.937467158859453,90.56138441433627,0,0.7757839610123476,LOW
2023-03-10 06:39:00,0.7790885866762141,106.54217735083566,8.91070695236423,90.56138441433627,0,0.7790885866762141,LOW
2023-03-10 06:40:00,0.1928114819523393,63.36335263207599,8.021812499743875,90.56138441433627,0,0.1928114819523393,LOW
2023-03-10 06:41:00,0.91229761601161,63.40953730306541,7.215135666542953,90.56138441433627,0,0.91229761601161,LOW
2023-03-10 06:42:00,0.5547271352030715,52.93371415468344,8.228886684685696,90.56138441433627,2,0.5547271352030715,HIGH
2023-03-10 06:43:00,0.8438117194969674,108.91216120525124,7.933652485190181,90.56138441433627,0,0.8438117194969674,LOW
2023-03-10 06:44:00,0.3880446409275506,103.1043622097444,9.031361919205027,90.56138441433627,1,0.3880446409275506,MEDIUM
2023-03-10 06:45:00,0.9059709056465804,87.9704700599851,8.81733774835807,90.56138441433627,1,0.9059709056465804,MEDIUM
2023-03-10 06:46:00,0.4502815108607468,117.53363591753578,8.09378118459262,90.56138441433627,1,0.4502815108607468,MEDIUM
2023-03-10 06:47:00,0.1097538863322685,114.45361223600426,7.65367766276497,90.56138441433627,2,0.1097538863322685,HIGH
2023-03-10 06:48:00,0.9148437787773372,96.82834915174016,9.964107898466777,90.56138441433627,0,0.9148437787773372,LOW
2023-03-10 06:49:00,0.1821580091075202,119.4617024410607,8.362004863588345,90.56138441433627,0,0.1821580091075202,LOW
2023-03-10 06:50:00,0.3873822738313733,66.46729680294146,9.064822707340712,90.56138441433627,0,0.3873822738313733,LOW
2023-03-10 06:51:00,0.9550557703457244,58.953569551818234,7.421658902735082,90.56138441433627,0,0.9550557703457244,LOW
2023-03-10 06:52:00,0.9555464322438004,71.57996892135917,8.456769098978194,90.56138441433627,0,0.9555464322438004,LOW
2023-03-10 06:53:00,0.6160940993109575,54.56694848714519,7.082610159608397,90.56138441433627,0,0.6160940993109575,LOW
2023-03-10 06:54:00,0.6686534909528193,92.49356224008255,8.51636535373135,90.56138441433627,1,0.6686534909528193,MEDIUM
2023-03-10 06:55:00,0.5036009697804879,124.92845538359693,9.892052221353108,90.56138441433627,0,0.5036009697804879,LOW
2023-03-10 06:56:00,0.3638896945282581,53.14748325348077,8.152620138957401,90.56138441433627,0,0.3638896945282581,LOW
2023-03-10 06:57:00,0.3957980908329244,59.768793120802144,7.1169880377247345,90.56138441433627,1,0.3957980908329244,MEDIUM
2023-03-10 06:58:00,0.7052666104693346,86.17592226267482,7.092867372758031,90.56138441433627,0,0.7052666104693346,LOW
2023-03-10 06:59:00,0.7771370764939121,124.7100014022324,8.163960279840609,90.56138441433627,0,0.7771370764939121,LOW
2023-03-10 07:00:00,0.8124211393532637,75.29248839814004,7.480074809389582,90.56138441433627,1,0.8124211393532637,MEDIUM
2023-03-10 07:01:00,0.8106563285150985,90.5787846950714,7.070056288984558,90.56138441433627,1,0.8106563285150985,MEDIUM
2023-03-10 07:02:00,0.1820854927438213,53.32582872403137,9.26864084185053,90.56138441433627,1,0.1820854927438213,MEDIUM
2023-03-10 07:03:00,0.5449782742323234,61.86745607696711,8.375569026645671,90.56138441433627,0,0.5449782742323234,LOW
2023-03-10 07:04:00,0.1518028840149798,128.93040983670775,7.867734315917963,90.56138441433627,1,0.1518028840149798,MEDIUM
2023-03-10 07:05:00,0.594575994091362,127.20949571488364,9.700249549049442,90.56138441433627,1,0.594575994091362,MEDIUM
2023-03-10 07:06:00,0.4973774512360394,50.39519847475277,7.348416880601577,90.56138441433627,0,0.4973774512360394,LOW
2023-03-10 07:07:00,0.8989337644824698,126.14494283385912,9.867756486865956,90.56138441433627,1,0.8989337644824698,MEDIUM
2023-03-10 07:08:00,0.4158235112968708,101.12959502524004,7.941900152132059,90.56138441433627,1,0.4158235112968708,MEDIUM
2023-03-10 07:09:00,0.2053603147848453,119.43346356160176,9.665211016926044,90.56138441433627,0,0.2053603147848453,LOW
2023-03-10 07:10:00,0.2286925138475523,86.37918845070872,8.808828629438384,90.56138441433627,0,0.2286925138475523,LOW
2023-03-10 07:11:00,0.785359568545725,91.24768228634002,9.48012207922446,90.56138441433627,2,0.785359568545725,HIGH
2023-03-10 07:12:00,0.656396256984635,89.10772642055362,9.952039489631392,90.56138441433627,1,0.656396256984635,MEDIUM
2023-03-10 07:13:00,0.1910104085105112,103.34914060368834,7.865216313456237,90.56138441433627,0,0.1910104085105112,LOW
2023-03-10 07:14:00,0.1756961255034977,61.17210038050503,9.88340645622278,90.56138441433627,1,0.1756961255034977,MEDIUM
2023-03-10 07:15:00,0.730872218313208,52.397887189814234,8.168445684707262,90.56138441433627,0,0.730872218313208,LOW
2023-03-10 07:16:00,0.1654867057277741,74.63439532729527,8.156535714210767,90.56138441433627,0,0.1654867057277741,LOW
2023-03-10 07:17:00,0.8396740533613206,106.37446101893174,8.021161312763518,90.56138441433627,0,0.8396740533613206,LOW
2023-03-10 07:18:00,0.7356180044408466,66.14827616983587,8.624222822042755,90.56138441433627,2,0.7356180044408466,HIGH
2023-03-10 07:19:00,0.1732139025777098,103.87459466599338,7.462435129535462,90.56138441433627,2,0.1732139025777098,HIGH
2023-03-10 07:20:00,0.1763539426766727,127.59296368858163,8.661134456074034,90.56138441433627,0,0.1763539426766727,LOW
2023-03-10 07:21:00,0.987975620651058,57.51205726315347,8.625114437230012,90.56138441433627,0,0.987975620651058,LOW
2023-03-10 07:22:00,0.4368437161805083,103.8081694580101,9.28570543781461,90.56138441433627,0,0.4368437161805083,LOW
2023-03-10 07:23:00,0.4335779323602018,85.50001754436569,9.500949885812757,90.56138441433627,2,0.4335779323602018,HIGH
2023-03-10 07:24:00,0.8315196105317523,119.45138035020042,8.321324050937273,90.56138441433627,2,0.8315196105317523,HIGH
2023-03-10 07:25:00,0.9525237196454728,64.17198315579087,7.906999748054481,90.56138441433627,1,0.9525237196454728,MEDIUM
2023-03-10 07:26:00,0.9874009574405838,105.41007617809316,7.778004691951283,90.56138441433627,1,0.9874009574405838,MEDIUM
2023-03-10 07:27:00,0.7780403667330474,117.04922317184882,7.583871510114616,90.56138441433627,1,0.7780403667330474,MEDIUM
2023-03-10 07:28:00,0.4386336269778241,125.56913755792186,7.172942746597075,90.56138441433627,0,0.4386336269778241,LOW
2023-03-10 07:29:00,0.1751506450288019,104.65984226317168,8.02734393650414,90.56138441433627,0,0.1751506450288019,LOW
2023-03-10 07:30:00,0.7994322243346931,89.7739811206742,7.81074307639235,90.56138441433627,0,0.7994322243346931,LOW
2023-03-10 07:31:00,0.6025638247622246,99.42777921609712,9.89925215759922,90.56138441433627,1,0.6025638247622246,MEDIUM
2023-03-10 07:32:00,0.4817998083222786,119.51239875829744,8.673126478750131,90.56138441433627,1,0.4817998083222786,MEDIUM
2023-03-10 07:33:00,0.9157189465852624,95.64877973110636,8.041831117091522,90.56138441433627,0,0.9157189465852624,LOW
2023-03-10 07:34:00,0.2000777340755362,52.43096477574695,8.741402802981089,90.56138441433627,2,0.2000777340755362,HIGH
2023-03-10 07:35:00,0.5433625938617732,124.47589564055822,7.417590104037086,90.56138441433627,0,0.5433625938617732,LOW
2023-03-10 07:36:00,0.1102182802906771,105.1621400825249,8.33213124760661,90.56138441433627,0,0.1102182802906771,LOW
2023-03-10 07:37:00,0.5217945777947136,104.12107086217972,8.87870296426319,90.56138441433627,1,0.5217945777947136,MEDIUM
2023-03-10 07:38:00,0.1506729481136536,67.25401219181737,8.466693495377354,90.56138441433627,1,0.1506729481136536,MEDIUM
2023-03-10 07:39:00,0.2069361246412647,102.71083761861256,8.205336401962972,90.56138441433627,1,0.2069361246412647,MEDIUM
2023-03-10 07:40:00,0.2057736220993944,81.50915245233267,9.981545166699094,90.56138441433627,0,0.2057736220993944,LOW
2023-03-10 07:41:00,0.6842892719044572,102.09863816331936,9.640944286446782,90.56138441433627,0,0.6842892719044572,LOW
2023-03-10 07:42:00,0.771440391338881,58.52744242463926,8.870217874478321,90.56138441433627,1,0.771440391338881,MEDIUM
2023-03-10 07:43:00,0.6250318885874436,102.62762436824288,8.708132083546849,90.56138441433627,0,0.6250318885874436,LOW
2023-03-10 07:44:00,0.9659552936270878,129.95309806165332,8.861981439473752,90.56138441433627,0,0.9659552936270878,LOW
2023-03-10 07:45:00,0.4373835215713336,53.85696310884448,7.6039363234673,90.56138441433627,1,0.4373835215713336,MEDIUM
2023-03-10 07:46:00,0.3571408776536746,128.1739347377054,8.185413229792957,90.56138441433627,0,0.3571408776536746,LOW
2023-03-10 07:47:00,0.8817392153705143,82.55263685782964,7.118378598672698,90.56138441433627,1,0.8817392153705143,MEDIUM
2023-03-10 07:48:00,0.3012362546675073,119.66027602698074,8.42663811246048,90.56138441433627,1,0.3012362546675073,MEDIUM
2023-03-10 07:49:00,0.9669002854965502,112.59083872466188,8.62907375187299,90.56138441433627,0,0.9669002854965502,LOW
2023-03-10 07:50:00,0.1109390272208347,95.36130087893342,7.683249208309629,90.56138441433627,0,0.1109390272208347,LOW
2023-03-10 07:51:00,0.9728909440368751,109.07593674010612,9.89208654149654,90.56138441433627,1,0.9728909440368751,MEDIUM
2023-03-10 07:52:00,0.1388439207555185,120.28124490410784,9.728363832811729,90.56138441433627,1,0.1388439207555185,MEDIUM
2023-03-10 07:53:00,0.902028802328264,82.33122573208263,9.166429706367715,90.56138441433627,1,0.902028802328264,MEDIUM
2023-03-10 07:54:00,0.5749309981776699,76.16265292505909,8.600159886296087,90.56138441433627,1,0.5749309981776699,MEDIUM
2023-03-10 07:55:00,0.9936683165073704,103.40747084508678,9.609907478943054,90.56138441433627,1,0.9936683165073704,MEDIUM
2023-03-10 07:56:00,0.1664169082618589,114.62767535530068,7.391957031470389,90.56138441433627,2,0.1664169082618589,HIGH
2023-03-10 07:57:00,0.5984688559611887,110.98281078212926,9.371529382824654,90.56138441433627,0,0.5984688559611887,LOW
2023-03-10 07:58:00,0.9723722820571892,113.82509190869077,7.374462441900545,90.56138441433627,0,0.9723722820571892,LOW
2023-03-10 07:59:00,0.570788059753134,84.84666518503464,9.382631987648216,90.56138441433627,0,0.570788059753134,LOW
2023-03-10 08:00:00,0.6664587743217363,115.42673729400173,7.827302704754071,90.56138441433627,0,0.6664587743217363,LOW
2023-03-10 08:01:00,0.7261738200861555,59.61672442964868,9.631271743054567,90.56138441433627,0,0.7261738200861555,LOW
2023-03-10 08:02:00,0.5090869582909959,93.55912783686796,9.832126281476194,90.56138441433627,0,0.5090869582909959,LOW
2023-03-10 08:03:00,0.6648022720756571,50.46069283984973,7.446387908215347,90.56138441433627,2,0.6648022720756571,HIGH
2023-03-10 08:04:00,0.6258828807307902,75.96686639202161,8.38802681519618,90.56138441433627,0,0.6258828807307902,LOW
2023-03-10 08:05:00,0.91104220944189,79.31692278971184,9.942962134488056,90.56138441433627,0,0.91104220944189,LOW
2023-03-10 08:06:00,0.1409017423073121,81.69381532874043,8.45022230791944,90.56138441433627,0,0.1409017423073121,LOW
2023-03-10 08:07:00,0.3528668706330072,105.63737653518898,9.590642567543636,90.56138441433627,0,0.3528668706330072,LOW
2023-03-10 08:08:00,0.9553703356689028,81.08464810162766,8.76619456639396,90.56138441433627,0,0.9553703356689028,LOW
2023-03-10 08:09:00,0.9012374055018246,85.89548980980246,8.125989723758806,90.56138441433627,0,0.9012374055018246,LOW
2023-03-10 08:10:00,0.5100910775071417,69.0035304699462,7.85735066657761,90.56138441433627,0,0.5100910775071417,LOW
2023-03-10 08:11:00,0.658119338021383,79.8601433303472,7.609669273258262,90.56138441433627,1,0.658119338021383,MEDIUM
2023-03-10 08:12:00,0.3496430646830194,68.18157018105211,9.285394574133091,90.56138441433627,1,0.3496430646830194,MEDIUM
2023-03-10 08:13:00,0.2693090437513852,55.85567390147549,8.159621520469084,90.56138441433627,1,0.2693090437513852,MEDIUM
2023-03-10 08:14:00,0.517328564445984,98.27588747051024,8.533826386602254,90.56138441433627,1,0.517328564445984,MEDIUM
2023-03-10 08:15:00,0.4180170052234475,103.45702388440132,8.476976440003545,90.56138441433627,0,0.4180170052234475,LOW
2023-03-10 08:16:00,0.6252905006657848,99.55922768076915,8.731837087699393,90.56138441433627,1,0.6252905006657848,MEDIUM
2023-03-10 08:17:00,0.1699611732684863,87.0795235040458,9.596731436873656,90.56138441433627,1,0.1699611732684863,MEDIUM
2023-03-10 08:18:00,0.9769553268995498,80.38286241433838,9.942218030750288,90.56138441433627,0,0.9769553268995498,LOW
2023-03-10 08:19:00,0.9875896700316426,119.06669196574602,8.222752625721451,90.56138441433627,1,0.9875896700316426,MEDIUM
2023-03-10 08:20:00,0.7283455426177706,91.52654281089744,9.48255676631891,90.56138441433627,0,0.7283455426177706,LOW
2023-03-10 08:21:00,0.5824867297097084,88.33455021037848,9.293583383964153,90.56138441433627,1,0.5824867297097084,MEDIUM
2023-03-10 08:22:00,0.378574854657695,52.05136526451486,8.72058685436672,90.56138441433627,2,0.378574854657695,HIGH
2023-03-10 08:23:00,0.8324155177362538,77.2998262100925,9.8681414308358,90.56138441433627,0,0.8324155177362538,LOW
2023-03-10 08:24:00,0.7162580552984913,80.41564950286856,7.601423546585209,90.56138441433627,1,0.7162580552984913,MEDIUM
2023-03-10 08:25:00,0.2463552454104021,81.90582247175203,7.327792630928864,90.56138441433627,1,0.2463552454104021,MEDIUM
2023-03-10 08:26:00,0.9198344660444582,96.4137895381866,9.561885900866264,90.56138441433627,2,0.9198344660444582,HIGH
2023-03-10 08:27:00,0.840283518630852,92.68820373815028,8.317449449901245,90.56138441433627,0,0.840283518630852,LOW
2023-03-10 08:28:00,0.9548199219627316,98.63240742347556,9.54090656262118,90.56138441433627,1,0.9548199219627316,MEDIUM
2023-03-10 08:29:00,0.753147557549524,111.19066092337026,9.679270615586244,90.56138441433627,0,0.753147557549524,LOW
2023-03-10 08:30:00,0.6520736763422109,115.03885909728749,7.187372780857214,90.56138441433627,0,0.6520736763422109,LOW
2023-03-10 08:31:00,0.476418732661557,107.44984609811956,9.650394288958182,90.56138441433627,0,0.476418732661557,LOW
2023-03-10 08:32:00,0.939455635018612,126.44189567639478,8.344957166108266,90.56138441433627,2,0.939455635018612,HIGH
2023-03-10 08:33:00,0.8794575005503675,51.45860661410893,8.531297467012697,90.56138441433627,1,0.8794575005503675,MEDIUM
2023-03-10 08:34:00,0.1406968030955704,65.6622388546837,8.879777533279631,90.56138441433627,1,0.1406968030955704,MEDIUM
2023-03-10 08:35:00,0.1237302770475268,50.60502999825137,9.77914782019026,90.56138441433627,2,0.1237302770475268,HIGH
2023-03-10 08:36:00,0.4388170301902446,101.79797713236825,7.057348283289292,90.56138441433627,0,0.4388170301902446,LOW
2023-03-10 08:37:00,0.8294979977036496,121.84244391599896,8.430530404953451,90.56138441433627,0,0.8294979977036496,LOW
2023-03-10 08:38:00,0.98854851638345,69.47858372610395,9.063166127291682,90.56138441433627,0,0.98854851638345,LOW
2023-03-10 08:39:00,0.2353752019931753,124.16276358370452,9.168120873094686,90.56138441433627,0,0.2353752019931753,LOW
2023-03-10 08:40:00,0.6347176438169216,54.821391223164866,9.077597294611325,90.56138441433627,0,0.6347176438169216,LOW
2023-03-10 08:41:00,0.4428017709679194,124.75488214444114,7.403305388224366,90.56138441433627,0,0.4428017709679194,LOW
2023-03-10 08:42:00,0.9729229580331428,78.12981497917076,7.898186765115044,90.56138441433627,0,0.9729229580331428,LOW
2023-03-10 08:43:00,0.8579070308221378,58.11366627593732,8.076146576251041,90.56138441433627,0,0.8579070308221378,LOW
2023-03-10 08:44:00,0.8544958342400241,88.86974073490606,9.413311623038515,90.56138441433627,0,0.8544958342400241,LOW
2023-03-10 08:45:00,0.5218238438154733,70.54212541764063,7.836279617243659,90.56138441433627,0,0.5218238438154733,LOW
2023-03-10 08:46:00,0.4733375521038987,72.78983215695382,7.63211489160161,90.56138441433627,2,0.4733375521038987,HIGH
2023-03-10 08:47:00,0.3460663647376356,74.58319719410292,9.872344057114288,90.56138441433627,1,0.3460663647376356,MEDIUM
2023-03-10 08:48:00,0.1507379469858344,114.24207182661308,7.026589855340407,90.56138441433627,2,0.1507379469858344,HIGH
2023-03-10 08:49:00,0.8782501386295479,93.13290213402036,9.993462567045936,90.56138441433627,0,0.8782501386295479,LOW
2023-03-10 08:50:00,0.8316109082170698,74.90461593248028,9.030463896572186,90.56138441433627,0,0.8316109082170698,LOW
2023-03-10 08:51:00,0.9997459059575176,98.82670266487348,9.48540789834735,90.56138441433627,1,0.9997459059575176,MEDIUM
2023-03-10 08:52:00,0.9969731533665148,107.29205393785548,7.8838581890385795,90.56138441433627,0,0.9969731533665148,LOW
2023-03-10 08:53:00,0.5998885350423647,71.8099200586827,7.04294583300118,90.56138441433627,0,0.5998885350423647,LOW
2023-03-10 08:54:00,0.7920886736624595,83.08392812202811,9.21360855568459,90.56138441433627,0,0.7920886736624595,LOW
2023-03-10 08:55:00,0.9502891568941852,59.7508874669558,9.502433791002026,90.56138441433627,0,0.9502891568941852,LOW
2023-03-10 08:56:00,0.8646826516096703,64.49194796277442,9.221428395860556,90.56138441433627,0,0.8646826516096703,LOW
2023-03-10 08:57:00,0.3226132915688779,104.48942831719862,7.428550861902516,90.56138441433627,0,0.3226132915688779,LOW
2023-03-10 08:58:00,0.5054897217790841,64.51506781565016,9.260283766770907,90.56138441433627,1,0.5054897217790841,MEDIUM
2023-03-10 08:59:00,0.2162434736363455,92.0130706933648,9.306768346322922,90.56138441433627,0,0.2162434736363455,LOW
2023-03-10 09:00:00,0.95864592453285,106.72370093779462,8.975621547010164,90.56138441433627,0,0.95864592453285,LOW
2023-03-10 09:01:00,0.645557171005792,58.55015384757951,9.29834779838676,90.56138441433627,1,0.645557171005792,MEDIUM
2023-03-10 09:02:00,0.3057785249531164,95.38497757031227,9.537764319033196,90.56138441433627,0,0.3057785249531164,LOW
2023-03-10 09:03:00,0.704530615965271,70.5250226961091,8.840812342712375,90.56138441433627,0,0.704530615965271,LOW
2023-03-10 09:04:00,0.6563154164121062,127.0341500190064,7.265814141909037,90.56138441433627,1,0.6563154164121062,MEDIUM
2023-03-10 09:05:00,0.4223464462295564,88.68365173759398,8.462883429001632,90.56138441433627,0,0.4223464462295564,LOW
2023-03-10 09:06:00,0.2022018329796661,114.47940398201266,7.232948004014816,90.56138441433627,0,0.2022018329796661,LOW
2023-03-10 09:07:00,0.7044158760335196,94.01812337250094,8.222629093097293,90.56138441433627,0,0.7044158760335196,LOW
2023-03-10 09:08:00,0.568276930813414,53.47300262838553,8.221319467376883,90.56138441433627,0,0.568276930813414,LOW
2023-03-10 09:09:00,0.7950865525620754,100.6521100475218,7.198029532420724,90.56138441433627,0,0.7950865525620754,LOW
2023-03-10 09:10:00,0.568147151000794,126.11226737653256,8.046461601908439,90.56138441433627,1,0.568147151000794,MEDIUM
2023-03-10 09:11:00,0.8669633502866861,98.1289456117065,7.332994296373944,90.56138441433627,0,0.8669633502866861,LOW
2023-03-10 09:12:00,0.596716154897037,115.5351087541432,9.424705630027669,90.56138441433627,0,0.596716154897037,LOW
2023-03-10 09:13:00,0.6048441743818477,120.73651706787264,9.843064077893413,90.56138441433627,0,0.6048441743818477,LOW
2023-03-10 09:14:00,0.8889882423925105,68.2463817559146,7.216949425773816,90.56138441433627,0,0.8889882423925105,LOW
2023-03-10 09:15:00,0.4631345795911573,66.96358719265814,9.865345621875104,90.56138441433627,1,0.4631345795911573,MEDIUM
2023-03-10 09:16:00,0.2206137056055766,98.87847910807936,8.567729798010236,90.56138441433627,0,0.2206137056055766,LOW
2023-03-10 09:17:00,0.1259044086820051,82.88227758453638,7.898697033861621,90.56138441433627,0,0.1259044086820051,LOW
2023-03-10 09:18:00,0.7796235301062571,117.18890422933762,7.230586225828491,90.56138441433627,0,0.7796235301062571,LOW
2023-03-10 09:19:00,0.6582785962181182,122.00184987184088,8.501872804211253,90.56138441433627,0,0.6582785962181182,LOW
2023-03-10 09:20:00,0.7336717912893012,78.27371034421745,9.383546633472246,90.56138441433627,0,0.7336717912893012,LOW
2023-03-10 09:21:00,0.2916677453580196,68.94964471795856,9.121259431800096,90.56138441433627,1,0.2916677453580196,MEDIUM
2023-03-10 09:22:00,0.2227343280280928,112.44204121950897,7.150678034391921,90.56138441433627,0,0.2227343280280928,LOW
2023-03-10 09:23:00,0.1130901991010937,71.98448284385088,7.218705506103711,90.56138441433627,0,0.1130901991010937,LOW
2023-03-10 09:24:00,0.4155288029259373,115.80914548109428,8.20861984789791,90.56138441433627,0,0.4155288029259373,LOW
2023-03-10 09:25:00,0.6309259181691698,83.89906029190102,7.88587148214383,90.56138441433627,1,0.6309259181691698,MEDIUM
2023-03-10 09:26:00,0.4530196405897591,103.40399194331764,7.697152969168144,90.56138441433627,0,0.4530196405897591,LOW
2023-03-10 09:27:00,0.4937274298213562,57.64282510677346,7.843013496726141,90.56138441433627,1,0.4937274298213562,MEDIUM
2023-03-10 09:28:00,0.9137428250443737,99.90874597412584,9.410448229890656,90.56138441433627,1,0.9137428250443737,MEDIUM
2023-03-10 09:29:00,0.4134299203209703,86.14141429897833,9.787684160895562,90.56138441433627,1,0.4134299203209703,MEDIUM
2023-03-10 09:30:00,0.5625905402438297,96.92867705403792,8.215308083582698,90.56138441433627,0,0.5625905402438297,LOW
2023-03-10 09:31:00,0.8052877114670287,63.441136619589074,9.718333006397492,90.56138441433627,0,0.8052877114670287,LOW
2023-03-10 09:32:00,0.4568885040891431,108.94989959553456,7.964487103743646,90.56138441433627,1,0.4568885040891431,MEDIUM
2023-03-10 09:33:00,0.6598780302050862,119.02376620345828,8.429310959031374,90.56138441433627,2,0.6598780302050862,HIGH
2023-03-10 09:34:00,0.8761273378720706,67.33918400726205,7.678086993447999,90.56138441433627,1,0.8761273378720706,MEDIUM
2023-03-10 09:35:00,0.954568561291878,57.657164441612935,8.921428126527532,90.56138441433627,0,0.954568561291878,LOW
2023-03-10 09:36:00,0.2323661328361341,51.89108688370691,9.936943345524426,90.56138441433627,0,0.2323661328361341,LOW
2023-03-10 09:37:00,0.9339288626453448,101.35772003546128,8.810479288130136,90.56138441433627,0,0.9339288626453448,LOW
2023-03-10 09:38:00,0.5429046637715844,98.56752288710246,8.073442252340646,90.56138441433627,1,0.5429046637715844,MEDIUM
2023-03-10 09:39:00,0.3324199494690625,93.7357930171256,8.943452337971586,90.56138441433627,0,0.3324199494690625,LOW
2023-03-10 09:40:00,0.5132221806144351,68.55576768927804,7.368762035396163,90.56138441433627,0,0.5132221806144351,LOW
2023-03-10 09:41:00,0.9820293177569294,81.27247967244116,9.665977240796195,90.56138441433627,1,0.9820293177569294,MEDIUM
2023-03-10 09:42:00,0.5433562845935827,97.55810681489385,8.50925185233951,90.56138441433627,0,0.5433562845935827,LOW
2023-03-10 09:43:00,0.3958764492587574,89.74134870873355,8.348049226118926,90.56138441433627,1,0.3958764492587574,MEDIUM
2023-03-10 09:44:00,0.6700607688850532,129.02284161719098,8.757594365360557,90.56138441433627,0,0.6700607688850532,LOW
2023-03-10 09:45:00,0.3161310569003738,60.91518020453865,8.874351588368206,90.56138441433627,0,0.3161310569003738,LOW
2023-03-10 09:46:00,0.1682769952977975,105.6115643238075,7.215327418679539,90.56138441433627,0,0.1682769952977975,LOW
2023-03-10 09:47:00,0.2159917497195843,82.34550144834337,9.047851663670208,90.56138441433627,1,0.2159917497195843,MEDIUM
2023-03-10 09:48:00,0.2152412550619952,84.25596919404919,7.725795040946589,90.56138441433627,0,0.2152412550619952,LOW
2023-03-10 09:49:00,0.2367124241610649,107.4078212526541,9.14185789751977,90.56138441433627,0,0.2367124241610649,LOW
2023-03-10 09:50:00,0.2249444553844691,105.39489210594957,9.46760438315259,90.56138441433627,2,0.2249444553844691,HIGH
2023-03-10 09:51:00,0.6767872703228931,129.30047949617506,9.41187552265756,90.56138441433627,0,0.6767872703228931,LOW
2023-03-10 09:52:00,0.2636920759592304,60.27154315633002,8.657502902223667,90.56138441433627,0,0.2636920759592304,LOW
2023-03-10 09:53:00,0.4111005549914769,58.328771950733305,8.560509676932254,90.56138441433627,0,0.4111005549914769,LOW
2023-03-10 09:54:00,0.9071095689154106,107.94710537029928,7.428627884018235,90.56138441433627,0,0.9071095689154106,LOW
2023-03-10 09:55:00,0.5265654762365851,96.27095336051272,9.326038451209406,90.56138441433627,1,0.5265654762365851,MEDIUM
2023-03-10 09:56:00,0.7008019646689244,71.93285332478447,7.814228141340143,90.56138441433627,0,0.7008019646689244,LOW
2023-03-10 09:57:00,0.2550878840814669,56.35354951911893,8.49008626845384,90.56138441433627,0,0.2550878840814669,LOW
2023-03-10 09:58:00,0.2730601169278037,56.852659967714445,7.852822278782551,90.56138441433627,0,0.2730601169278037,LOW
2023-03-10 09:59:00,0.136781754639831,121.53526997312946,7.401485088999079,90.56138441433627,1,0.136781754639831,MEDIUM
2023-03-10 10:00:00,0.2520415567649481,65.34938597749944,8.88867309067521,90.56138441433627,0,0.2520415567649481,LOW
2023-03-10 10:01:00,0.3507313051287628,75.86972496924166,7.162996104468712,90.56138441433627,0,0.3507313051287628,LOW
2023-03-10 10:02:00,0.2593094358490722,68.13251217815903,9.2459357023786,90.56138441433627,0,0.2593094358490722,LOW
2023-03-10 10:03:00,0.17983228038135,78.399704466555,7.95276038578335,90.56138441433627,0,0.17983228038135,LOW
2023-03-10 10:04:00,0.2085722839905407,55.55390741968747,7.000404079013456,90.56138441433627,0,0.2085722839905407,LOW
2023-03-10 10:05:00,0.5147008912294532,91.52478327266164,8.53338741771169,90.56138441433627,0,0.5147008912294532,LOW
2023-03-10 10:06:00,0.2857003465652132,55.4090050873772,7.140555725582809,90.56138441433627,1,0.2857003465652132,MEDIUM
2023-03-10 10:07:00,0.4278428749432679,114.02852062578891,7.828508673462698,90.56138441433627,0,0.4278428749432679,LOW
2023-03-10 10:08:00,0.5530755437693712,68.69696655283464,9.120929462367148,90.56138441433627,2,0.5530755437693712,HIGH
2023-03-10 10:09:00,0.7213553457664288,93.20095316836084,7.188068864865597,90.56138441433627,2,0.7213553457664288,HIGH
2023-03-10 10:10:00,0.135380925856989,120.40632700491666,9.518015477068008,90.56138441433627,0,0.135380925856989,LOW
2023-03-10 10:11:00,0.8194693590181383,102.07018952377553,7.011459767975749,90.56138441433627,0,0.8194693590181383,LOW
2023-03-10 10:12:00,0.665110350541817,92.63662292410685,7.740471607605707,90.56138441433627,0,0.665110350541817,LOW
2023-03-10 10:13:00,0.1735831287539847,75.94670024923005,9.222712168456214,90.56138441433627,1,0.1735831287539847,MEDIUM
2023-03-10 10:14:00,0.8862207616960995,76.64015304465583,7.948810449187921,90.56138441433627,0,0.8862207616960995,LOW
2023-03-10 10:15:00,0.928785160478632,103.5589564158552,7.30567716419804,90.56138441433627,0,0.928785160478632,LOW
2023-03-10 10:16:00,0.1549701638693774,129.5311488976934,8.080701756401284,90.56138441433627,0,0.1549701638693774,LOW
2023-03-10 10:17:00,0.3491898833324833,102.9471351879503,7.811179859153577,90.56138441433627,1,0.3491898833324833,MEDIUM
2023-03-10 10:18:00,0.8255811518137552,94.622673389602,9.528135706481663,90.56138441433627,1,0.8255811518137552,MEDIUM
2023-03-10 10:19:00,0.7734337213452925,108.45204081913968,7.94004375275543,90.56138441433627,0,0.7734337213452925,LOW
2023-03-10 10:20:00,0.2660689174207395,87.21644898269744,9.366797415328024,90.56138441433627,1,0.2660689174207395,MEDIUM
2023-03-10 10:21:00,0.2884143910030393,54.811387408062814,9.675616434432204,90.56138441433627,0,0.2884143910030393,LOW
2023-03-10 10:22:00,0.4334248925122438,94.9837452702328,8.301452258729588,90.56138441433627,0,0.4334248925122438,LOW
2023-03-10 10:23:00,0.5360706866719193,126.6100227604304,9.729829431563177,90.56138441433627,1,0.5360706866719193,MEDIUM
2023-03-10 10:24:00,0.6564292943772664,64.02423538861277,8.131954161889578,90.56138441433627,0,0.6564292943772664,LOW
2023-03-10 10:25:00,0.4320222756127951,105.20039126565324,9.892235249470325,90.56138441433627,0,0.4320222756127951,LOW
2023-03-10 10:26:00,0.5162812445198331,66.07469509272451,7.267868573576719,90.56138441433627,0,0.5162812445198331,LOW
2023-03-10 10:27:00,0.7727238443203809,92.8662147578465,9.061057799509728,90.56138441433627,1,0.7727238443203809,MEDIUM
2023-03-10 10:28:00,0.1330148826015381,57.734115971737566,8.481442121370787,90.56138441433627,1,0.1330148826015381,MEDIUM
2023-03-10 10:29:00,0.3271932499096187,86.02967490065481,8.16294641636694,90.56138441433627,1,0.3271932499096187,MEDIUM
2023-03-10 10:30:00,0.7420146272960972,110.49306631161969,8.898135636245803,90.56138441433627,1,0.7420146272960972,MEDIUM
2023-03-10 10:31:00,0.9056861539184794,77.80572193911857,9.111571274902992,90.56138441433627,0,0.9056861539184794,LOW
2023-03-10 10:32:00,0.5605096979040995,103.19293795897744,7.0130898089509275,90.56138441433627,0,0.5605096979040995,LOW
2023-03-10 10:33:00,0.5789021367387841,113.63599686317832,7.500859266241596,90.56138441433627,0,0.5789021367387841,LOW
2023-03-10 10:34:00,0.1964548102057984,124.1742255583562,9.139138151902957,90.56138441433627,0,0.1964548102057984,LOW
2023-03-10 10:35:00,0.5026711301411092,68.77136654843628,8.999156240734619,90.56138441433627,0,0.5026711301411092,LOW
2023-03-10 10:36:00,0.5793555398095208,81.94527326474466,9.89814251538603,90.56138441433627,2,0.5793555398095208,HIGH
2023-03-10 10:37:00,0.3182234532712567,62.19328106643339,9.28311337075235,90.56138441433627,0,0.3182234532712567,LOW
2023-03-10 10:38:00,0.3423189078544428,129.39868017267003,9.852318123194014,90.56138441433627,0,0.3423189078544428,LOW
2023-03-10 10:39:00,0.4395557467941604,124.16007743394364,9.10762150460442,90.56138441433627,0,0.4395557467941604,LOW
2023-03-10 10:40:00,0.1180640779999537,93.19657042244476,7.894156625918329,90.56138441433627,0,0.1180640779999537,LOW
2023-03-10 10:41:00,0.3898712490248605,117.3626635501137,7.3160947667525695,90.56138441433627,2,0.3898712490248605,HIGH
2023-03-10 10:42:00,0.2903032062968902,91.67663818176337,9.345471590034808,90.56138441433627,0,0.2903032062968902,LOW
2023-03-10 10:43:00,0.3947476169601231,99.88685504022078,8.932447664427748,90.56138441433627,0,0.3947476169601231,LOW
2023-03-10 10:44:00,0.2077859186373261,57.12995456928133,7.1445580371798885,90.56138441433627,1,0.2077859186373261,MEDIUM
2023-03-10 10:45:00,0.9014745526659056,110.42163363974464,8.080151397702934,90.56138441433627,0,0.9014745526659056,LOW
2023-03-10 10:46:00,0.6342332081986438,60.21707869081879,9.870399446452858,90.56138441433627,0,0.6342332081986438,LOW
2023-03-10 10:47:00,0.7111920872300407,116.08541042020228,8.501203437130604,90.56138441433627,0,0.7111920872300407,LOW
2023-03-10 10:48:00,0.8102541147466045,112.56224701363088,8.298187408059114,90.56138441433627,0,0.8102541147466045,LOW
2023-03-10 10:49:00,0.5485979790361516,106.69957581943812,8.373098815477881,90.56138441433627,2,0.5485979790361516,HIGH
2023-03-10 10:50:00,0.1782282592786813,52.89283044198097,7.626648172015491,90.56138441433627,1,0.1782282592786813,MEDIUM
2023-03-10 10:51:00,0.583395887636693,74.25026847562629,8.106121512594385,90.56138441433627,0,0.583395887636693,LOW
2023-03-10 10:52:00,0.6281570062187912,71.04900559286743,8.109439767961529,90.56138441433627,1,0.6281570062187912,MEDIUM
2023-03-10 10:53:00,0.770895526765897,78.81091259772153,7.1570650605624175,90.56138441433627,0,0.770895526765897,LOW
2023-03-10 10:54:00,0.4884935916067114,57.01141974110708,9.302702885553757,90.56138441433627,0,0.4884935916067114,LOW
2023-03-10 10:55:00,0.2148222725160073,124.95662584248502,8.249513295711637,90.56138441433627,0,0.2148222725160073,LOW
2023-03-10 10:56:00,0.355398315218852,94.3041792569901,9.46653966044927,90.56138441433627,0,0.355398315218852,LOW
2023-03-10 10:57:00,0.4267740667587716,74.44194485264188,9.551044003359683,90.56138441433627,0,0.4267740667587716,LOW
2023-03-10 10:58:00,0.6813255171984411,81.75852136594267,7.635982164095974,90.56138441433627,1,0.6813255171984411,MEDIUM
2023-03-10 10:59:00,0.6137004742020207,85.77620324038685,8.972060446510385,90.56138441433627,2,0.6137004742020207,HIGH
2023-03-10 11:00:00,0.4204870533080617,98.04754666884938,8.416845412488945,90.56138441433627,0,0.4204870533080617,LOW
2023-03-10 11:01:00,0.9878637239136816,91.2543542157198,9.640470213764456,90.56138441433627,0,0.9878637239136816,LOW
2023-03-10 11:02:00,0.6451973374211984,123.5513578571534,7.647222037529362,90.56138441433627,0,0.6451973374211984,LOW
2023-03-10 11:03:00,0.3135041125623951,89.75707863246642,9.033439600930134,90.56138441433627,0,0.3135041125623951,LOW
2023-03-10 11:04:00,0.1916042253583633,129.372641185865,8.823256366758168,90.56138441433627,0,0.1916042253583633,LOW
2023-03-10 11:05:00,0.2375732252658988,118.11399661960766,7.885904432715498,90.56138441433627,0,0.2375732252658988,LOW
2023-03-10 11:06:00,0.3213619555460573,66.68084114858686,7.409802710953517,90.56138441433627,1,0.3213619555460573,MEDIUM
2023-03-10 11:07:00,0.2446132359336001,124.4476171715133,8.95491928143183,90.56138441433627,0,0.2446132359336001,LOW
2023-03-10 11:08:00,0.2679103216461752,59.30931183083808,9.215792374396992,90.56138441433627,0,0.2679103216461752,LOW
2023-03-10 11:09:00,0.3565856518244624,115.39597667929532,7.94688203129005,90.56138441433627,0,0.3565856518244624,LOW
2023-03-10 11:10:00,0.2560362357652793,80.4498634781264,8.934497812066942,90.56138441433627,0,0.2560362357652793,LOW
2023-03-10 11:11:00,0.9070888821637828,120.23794563560556,8.18539272283451,90.56138441433627,0,0.9070888821637828,LOW
2023-03-10 11:12:00,0.172210371095478,119.44453520859602,9.139620649847853,90.56138441433627,1,0.172210371095478,MEDIUM
2023-03-10 11:13:00,0.5720602506132292,114.4740320094097,7.597645824682159,90.56138441433627,0,0.5720602506132292,LOW
2023-03-10 11:14:00,0.4693571442906954,113.20243490456492,9.670645007908522,90.56138441433627,1,0.4693571442906954,MEDIUM
2023-03-10 11:15:00,0.9841407552177458,74.37433112784326,7.862228789396739,90.56138441433627,0,0.9841407552177458,LOW
2023-03-10 11:16:00,0.2008350119512471,56.47354264410018,8.103357963268458,90.56138441433627,0,0.2008350119512471,LOW
2023-03-10 11:17:00,0.4580700391411675,82.23841430121291,7.174275856241049,90.56138441433627,0,0.4580700391411675,LOW
2023-03-10 11:18:00,0.972523389947832,63.88196119892069,7.334536636963829,90.56138441433627,1,0.972523389947832,MEDIUM
2023-03-10 11:19:00,0.8789564133045822,105.59608711219694,8.547585708136985,90.56138441433627,0,0.8789564133045822,LOW
2023-03-10 11:20:00,0.8353648638543519,77.68797812302284,7.802778030183914,90.56138441433627,1,0.8353648638543519,MEDIUM
2023-03-10 11:21:00,0.3321125443404458,128.0488160687932,9.506440677226584,90.56138441433627,0,0.3321125443404458,LOW
2023-03-10 11:22:00,0.2537988286510592,101.27776618762655,7.0440801659648615,90.56138441433627,1,0.2537988286510592,MEDIUM
2023-03-10 11:23:00,0.7017788979319879,115.79844509074888,8.137282146015808,90.56138441433627,0,0.7017788979319879,LOW
2023-03-10 11:24:00,0.9364383902148272,60.60197381934787,8.012036640307278,90.56138441433627,1,0.9364383902148272,MEDIUM
2023-03-10 11:25:00,0.6010866037125367,118.9611585818098,7.057982892752803,90.56138441433627,0,0.6010866037125367,LOW
2023-03-10 11:26:00,0.6144514205229099,123.82057524107157,7.37310519700153,90.56138441433627,2,0.6144514205229099,HIGH
2023-03-10 11:27:00,0.3519811842942557,88.96495350551487,8.240928024755906,90.56138441433627,0,0.3519811842942557,LOW
2023-03-10 11:28:00,0.7925436398727432,98.5002350200782,8.47859375334234,90.56138441433627,0,0.7925436398727432,LOW
2023-03-10 11:29:00,0.2683393737017711,111.18478407223964,8.212869241764608,90.56138441433627,0,0.2683393737017711,LOW
2023-03-10 11:30:00,0.3913113127638193,63.98709018083301,8.592813035236281,90.56138441433627,1,0.3913113127638193,MEDIUM
2023-03-10 11:31:00,0.4828927947547751,90.2052861170754,8.785395024717044,90.56138441433627,0,0.4828927947547751,LOW
2023-03-10 11:32:00,0.5568493408160096,81.89304222178505,7.029771463383507,90.56138441433627,1,0.5568493408160096,MEDIUM
2023-03-10 11:33:00,0.3181687591735722,61.709919372979925,8.392285478360511,90.56138441433627,0,0.3181687591735722,LOW
2023-03-10 11:34:00,0.2033531422652831,79.40275378332251,9.890497722662763,90.56138441433627,0,0.2033531422652831,LOW
2023-03-10 11:35:00,0.6495580381974694,55.45378475083949,8.557096840388645,90.56138441433627,0,0.6495580381974694,LOW
2023-03-10 11:36:00,0.3597674979162302,52.06495255595896,9.03262680237686,90.56138441433627,2,0.3597674979162302,HIGH
2023-03-10 11:37:00,0.6231143992803511,60.81330313238582,7.935591573750649,90.56138441433627,1,0.6231143992803511,MEDIUM
2023-03-10 11:38:00,0.2389264437467821,127.0492089271339,9.321974134458287,90.56138441433627,2,0.2389264437467821,HIGH
2023-03-10 11:39:00,0.5330260916693358,93.96236287160136,9.318764445628345,90.56138441433627,0,0.5330260916693358,LOW
2023-03-10 11:40:00,0.5793304892964273,127.2657728922576,8.563888142962417,90.56138441433627,1,0.5793304892964273,MEDIUM
2023-03-10 11:41:00,0.1466411831401842,84.59983026641055,9.92804146983764,90.56138441433627,1,0.1466411831401842,MEDIUM
2023-03-10 11:42:00,0.4029438503745285,74.94529064682077,7.37665064428796,90.56138441433627,0,0.4029438503745285,LOW
2023-03-10 11:43:00,0.2209732092450768,90.49134902721951,7.050842994668743,90.56138441433627,1,0.2209732092450768,MEDIUM
2023-03-10 11:44:00,0.157037473425491,85.16093509063282,9.310474635271287,90.56138441433627,2,0.157037473425491,HIGH
2023-03-10 11:45:00,0.9909642091509508,58.45317474093952,9.421466612094648,90.56138441433627,1,0.9909642091509508,MEDIUM
2023-03-10 11:46:00,0.3901184604772507,101.2661051752165,7.360621687361728,90.56138441433627,1,0.3901184604772507,MEDIUM
2023-03-10 11:47:00,0.8288870012691714,67.28305460076797,7.796748498875818,90.56138441433627,0,0.8288870012691714,LOW
2023-03-10 11:48:00,0.3291765892873874,99.56703639182636,7.052657090099887,90.56138441433627,0,0.3291765892873874,LOW
2023-03-10 11:49:00,0.7133524500015364,102.01608739185228,7.879925832341694,90.56138441433627,2,0.7133524500015364,HIGH
2023-03-10 11:50:00,0.7842050739007179,62.16198825029185,9.319425621756016,90.56138441433627,0,0.7842050739007179,LOW
2023-03-10 11:51:00,0.6360748665470598,54.90797016885345,8.553881583137738,90.56138441433627,1,0.6360748665470598,MEDIUM
2023-03-10 11:52:00,0.5244185696951426,112.4609268854752,8.044286779504864,90.56138441433627,1,0.5244185696951426,MEDIUM
2023-03-10 11:53:00,0.4706568227325417,86.78403390154561,8.11521788471899,90.56138441433627,1,0.4706568227325417,MEDIUM
2023-03-10 11:54:00,0.4139814398886957,54.65310364043806,7.004060877146404,90.56138441433627,2,0.4139814398886957,HIGH
2023-03-10 11:55:00,0.9365762298230432,129.58930537358137,7.899401582695708,90.56138441433627,0,0.9365762298230432,LOW
2023-03-10 11:56:00,0.8475574670089562,54.622444879709334,8.939376224913792,90.56138441433627,0,0.8475574670089562,LOW
2023-03-10 11:57:00,0.9685242195998612,105.60281830868423,9.922583331449072,90.56138441433627,0,0.9685242195998612,LOW
2023-03-10 11:58:00,0.2118675011369902,128.69431402107307,9.5411824809517,90.56138441433627,0,0.2118675011369902,LOW
2023-03-10 11:59:00,0.7577807276832799,69.13440833727405,7.070784893936588,90.56138441433627,0,0.7577807276832799,LOW
2023-03-10 12:00:00,0.944506411138934,61.37994949497569,9.695681814024518,90.56138441433627,0,0.944506411138934,LOW
2023-03-10 12:01:00,0.2631097595490941,59.71079515379431,9.349595239895878,90.56138441433627,1,0.2631097595490941,MEDIUM
2023-03-10 12:02:00,0.1598466406300997,74.26201180540764,9.34112837071294,90.56138441433627,2,0.1598466406300997,HIGH
2023-03-10 12:03:00,0.7670085843610531,58.083664880851735,8.373987277010714,90.56138441433627,0,0.7670085843610531,LOW
2023-03-10 12:04:00,0.6170258018619207,105.37290733553056,8.194015878863508,90.56138441433627,0,0.6170258018619207,LOW
2023-03-10 12:05:00,0.8576458990824448,54.983343850405014,7.9087471864995775,90.56138441433627,2,0.8576458990824448,HIGH
2023-03-10 12:06:00,0.2257951389636605,90.75377025198318,7.197084576863097,90.56138441433627,0,0.2257951389636605,LOW
2023-03-10 12:07:00,0.8157405806739012,129.73574830823816,7.6847060904810975,90.56138441433627,0,0.8157405806739012,LOW
2023-03-10 12:08:00,0.2814645880429701,115.11762156048152,7.739810904934074,90.56138441433627,0,0.2814645880429701,LOW
2023-03-10 12:09:00,0.247290348579134,99.21755505848088,8.452231209130606,90.56138441433627,0,0.247290348579134,LOW
2023-03-10 12:10:00,0.2478392181378936,74.50028966292894,9.242333219790082,90.56138441433627,0,0.2478392181378936,LOW
2023-03-10 12:11:00,0.8331172482082438,99.91166690333108,8.42142948519384,90.56138441433627,2,0.8331172482082438,HIGH
2023-03-10 12:12:00,0.6986774986265801,92.16331711293212,7.173533348341482,90.56138441433627,0,0.6986774986265801,LOW
2023-03-10 12:13:00,0.5707588822922074,84.08667071122971,9.873369402964611,90.56138441433627,0,0.5707588822922074,LOW
2023-03-10 12:14:00,0.4229474357111522,60.45683013921596,9.828172957282336,90.56138441433627,0,0.4229474357111522,LOW
2023-03-10 12:15:00,0.8894804867317975,120.92833721923732,9.355568629445225,90.56138441433627,0,0.8894804867317975,LOW
2023-03-10 12:16:00,0.4532005966803718,85.9827719057058,9.973983704692662,90.56138441433627,1,0.4532005966803718,MEDIUM
2023-03-10 12:17:00,0.8349394955244194,65.5698009456612,8.633446998400789,90.56138441433627,1,0.8349394955244194,MEDIUM
2023-03-10 12:18:00,0.4952214177131966,79.42074807018317,9.888305050759618,90.56138441433627,1,0.4952214177131966,MEDIUM
2023-03-10 12:19:00,0.4392499864824168,83.13038020231417,7.226815121850253,90.56138441433627,0,0.4392499864824168,LOW
2023-03-10 12:20:00,0.5164118071026458,116.20303164534994,8.097042244784113,90.56138441433627,2,0.5164118071026458,HIGH
2023-03-10 12:21:00,0.3712400867477279,108.68915044491216,7.676143804020297,90.56138441433627,1,0.3712400867477279,MEDIUM
2023-03-10 12:22:00,0.772848442158626,111.54439149130718,7.58749925240281,90.56138441433627,1,0.772848442158626,MEDIUM
2023-03-10 12:23:00,0.5524483510832312,50.882501154291774,7.422408846678028,90.56138441433627,0,0.5524483510832312,LOW
2023-03-10 12:24:00,0.3089914256321355,83.29231985438092,8.86724092469799,90.56138441433627,0,0.3089914256321355,LOW
2023-03-10 12:25:00,0.9096171159471116,88.5075321308259,9.343965567241916,90.56138441433627,0,0.9096171159471116,LOW
2023-03-10 12:26:00,0.4455020992358902,51.53538214584454,8.734895198261082,90.56138441433627,1,0.4455020992358902,MEDIUM
2023-03-10 12:27:00,0.5891975750025897,70.78505669960273,7.440888128764629,90.56138441433627,0,0.5891975750025897,LOW
2023-03-10 12:28:00,0.9158248998680922,110.8231858497708,9.433371309800412,90.56138441433627,0,0.9158248998680922,LOW
2023-03-10 12:29:00,0.6618141963225929,60.96877645831992,8.907864121491185,90.56138441433627,1,0.6618141963225929,MEDIUM
2023-03-10 12:30:00,0.2052082366375276,92.82481051620734,8.164497118380986,90.56138441433627,1,0.2052082366375276,MEDIUM
2023-03-10 12:31:00,0.9458489112521276,67.216149761379,9.02239088660819,90.56138441433627,2,0.9458489112521276,HIGH
2023-03-10 12:32:00,0.6649372477642761,50.969661971511464,7.779714937728499,90.56138441433627,0,0.6649372477642761,LOW
2023-03-10 12:33:00,0.4014150531913775,69.29611660796331,8.035576625482632,90.56138441433627,1,0.4014150531913775,MEDIUM
2023-03-10 12:34:00,0.2253448653970485,128.0699003928043,9.75245752939597,90.56138441433627,0,0.2253448653970485,LOW
2023-03-10 12:35:00,0.8146226703432664,114.12296895063916,7.871513517014261,90.56138441433627,0,0.8146226703432664,LOW
2023-03-10 12:36:00,0.6580654803356621,126.76613154568268,8.409964804473809,90.56138441433627,0,0.6580654803356621,LOW
2023-03-10 12:37:00,0.5801149827786893,89.02832351410899,9.670423412188043,90.56138441433627,0,0.5801149827786893,LOW
2023-03-10 12:38:00,0.904503324745862,58.77889589420028,9.123164050802584,90.56138441433627,0,0.904503324745862,LOW
2023-03-10 12:39:00,0.8097374901020776,93.83675911789544,7.186609678494108,90.56138441433627,1,0.8097374901020776,MEDIUM
2023-03-10 12:40:00,0.236507391759476,86.35018676479687,7.441909132836911,90.56138441433627,0,0.236507391759476,LOW
2023-03-10 12:41:00,0.3805498610159934,117.54856661916928,7.02352477231575,90.56138441433627,1,0.3805498610159934,MEDIUM
2023-03-10 12:42:00,0.3236402258330192,57.846606462739565,8.89276537068749,90.56138441433627,0,0.3236402258330192,LOW
2023-03-10 12:43:00,0.7695516633154093,89.05929096174225,8.343020276231254,90.56138441433627,0,0.7695516633154093,LOW
2023-03-10 12:44:00,0.1301791912622014,62.00389317551874,7.402824552706827,90.56138441433627,0,0.1301791912622014,LOW
2023-03-10 12:45:00,0.6129007163841849,75.9740741512048,9.873802363170311,90.56138441433627,0,0.6129007163841849,LOW
2023-03-10 12:46:00,0.7862128171666215,108.98856619102398,8.58897917183686,90.56138441433627,0,0.7862128171666215,LOW
2023-03-10 12:47:00,0.8890890730855745,88.08145034950132,7.725679882338667,90.56138441433627,0,0.8890890730855745,LOW
2023-03-10 12:48:00,0.4078735738443168,80.07106281166155,8.501810713464122,90.56138441433627,0,0.4078735738443168,LOW
2023-03-10 12:49:00,0.8391315742048115,81.55810228560283,9.038860998205324,90.56138441433627,0,0.8391315742048115,LOW
2023-03-10 12:50:00,0.1995685632596865,86.75574147247893,7.228717653920693,90.56138441433627,0,0.1995685632596865,LOW
2023-03-10 12:51:00,0.8618070625610663,112.80132350696456,7.824111445143676,90.56138441433627,2,0.8618070625610663,HIGH
2023-03-10 12:52:00,0.2147397960987841,121.36677511521876,9.42089647265198,90.56138441433627,0,0.2147397960987841,LOW
2023-03-10 12:53:00,0.4575585615043306,126.42677492031426,8.378994611207984,90.56138441433627,1,0.4575585615043306,MEDIUM
2023-03-10 12:54:00,0.8175658292015983,112.9522709004236,8.639731426096885,90.56138441433627,1,0.8175658292015983,MEDIUM
2023-03-10 12:55:00,0.2349256846138964,75.23255165984102,8.298448006628409,90.56138441433627,2,0.2349256846138964,HIGH
2023-03-10 12:56:00,0.3063262557093773,105.05077648692335,7.131699827929015,90.56138441433627,1,0.3063262557093773,MEDIUM
2023-03-10 12:57:00,0.7500273115537597,85.00824992443135,7.497249339460468,90.56138441433627,0,0.7500273115537597,LOW
2023-03-10 12:58:00,0.748032882891467,70.37364976368409,8.336624916225674,90.56138441433627,1,0.748032882891467,MEDIUM
2023-03-10 12:59:00,0.6770328695967676,117.2697263540738,7.627556396223784,90.56138441433627,1,0.6770328695967676,MEDIUM
2023-03-10 13:00:00,0.72455360002039,53.074107916986,7.149937085979036,90.56138441433627,0,0.72455360002039,LOW
2023-03-10 13:01:00,0.5884519990128366,122.14095937083388,9.530948992155473,90.56138441433627,0,0.5884519990128366,LOW
2023-03-10 13:02:00,0.3266191530162575,86.91819716997873,9.943577587492348,90.56138441433627,0,0.3266191530162575,LOW
2023-03-10 13:03:00,0.4111263941535275,100.97611814466244,9.379428621990218,90.56138441433627,1,0.4111263941535275,MEDIUM
2023-03-10 13:04:00,0.2634379451212831,102.74831377646262,9.561354765114,90.56138441433627,1,0.2634379451212831,MEDIUM
2023-03-10 13:05:00,0.9176055052002656,121.60941925652293,7.725931390951136,90.56138441433627,0,0.9176055052002656,LOW
2023-03-10 13:06:00,0.6250526152895084,100.9335745733766,9.8818809265396,90.56138441433627,0,0.6250526152895084,LOW
2023-03-10 13:07:00,0.4607662750872759,99.11468678080494,7.590777113360285,90.56138441433627,0,0.4607662750872759,LOW
2023-03-10 13:08:00,0.5158052232797194,55.332163244855195,9.854289431085498,90.56138441433627,0,0.5158052232797194,LOW
2023-03-10 13:09:00,0.9525550056506338,91.47264175561632,9.984457881897852,90.56138441433627,2,0.9525550056506338,HIGH
2023-03-10 13:10:00,0.2380162628044722,62.01352006536333,9.135168417238146,90.56138441433627,0,0.2380162628044722,LOW
2023-03-10 13:11:00,0.6276068488151175,108.99470149771884,9.943431195375464,90.56138441433627,0,0.6276068488151175,LOW
2023-03-10 13:12:00,0.5552998109960194,90.97775366501396,8.708619338701311,90.56138441433627,0,0.5552998109960194,LOW
2023-03-10 13:13:00,0.6503088118911831,104.41822233666826,7.778625349528271,90.56138441433627,1,0.6503088118911831,MEDIUM
2023-03-10 13:14:00,0.1162991654387564,53.33383204819074,8.310987656996863,90.56138441433627,0,0.1162991654387564,LOW
2023-03-10 13:15:00,0.8849115180497363,56.783361283664256,8.780682806136358,90.56138441433627,1,0.8849115180497363,MEDIUM
2023-03-10 13:16:00,0.9389064542352512,107.30587104501458,7.219244686081045,90.56138441433627,0,0.9389064542352512,LOW
2023-03-10 13:17:00,0.608619865230288,55.76674687989387,8.867029793851739,90.56138441433627,0,0.608619865230288,LOW
2023-03-10 13:18:00,0.726985741489203,55.70053822122069,9.943533510286883,90.56138441433627,0,0.726985741489203,LOW
2023-03-10 13:19:00,0.930249443059566,50.96867801879099,7.5703229493511826,90.56138441433627,0,0.930249443059566,LOW
2023-03-10 13:20:00,0.7365147708820587,126.5201118639584,9.37778534886515,90.56138441433627,0,0.7365147708820587,LOW
2023-03-10 13:21:00,0.2372851386228352,109.00066875672056,9.723696381338858,90.56138441433627,2,0.2372851386228352,HIGH
2023-03-10 13:22:00,0.6186595241501318,78.26011268016514,9.831104778460665,90.56138441433627,1,0.6186595241501318,MEDIUM
2023-03-10 13:23:00,0.6460435417445703,73.72284650301242,9.88040681321634,90.56138441433627,2,0.6460435417445703,HIGH
2023-03-10 13:24:00,0.4817176041721475,77.97625837966797,8.564378916164415,90.56138441433627,0,0.4817176041721475,LOW
2023-03-10 13:25:00,0.7627998120622506,111.97228249449456,9.93192372397451,90.56138441433627,2,0.7627998120622506,HIGH
2023-03-10 13:26:00,0.9409303132921134,102.90964888563316,9.271930621403316,90.56138441433627,0,0.9409303132921134,LOW
2023-03-10 13:27:00,0.9330116616160988,64.81564542939743,7.485014308710886,90.56138441433627,0,0.9330116616160988,LOW
2023-03-10 13:28:00,0.5057554342637189,63.92874682672675,8.43070031940391,90.56138441433627,0,0.5057554342637189,LOW
2023-03-10 13:29:00,0.2019142412566797,57.871651977071785,9.154993526116012,90.56138441433627,0,0.2019142412566797,LOW
2023-03-10 13:30:00,0.9863570790661012,102.82421757610706,7.74202094745725,90.56138441433627,1,0.9863570790661012,MEDIUM
2023-03-10 13:31:00,0.8550082778013407,111.14981297773888,8.921845550646662,90.56138441433627,0,0.8550082778013407,LOW
2023-03-10 13:32:00,0.2121964130829401,71.20371426600032,8.999801437139858,90.56138441433627,0,0.2121964130829401,LOW
2023-03-10 13:33:00,0.928757694355635,51.67559688247302,7.488099231425697,90.56138441433627,1,0.928757694355635,MEDIUM
2023-03-10 13:34:00,0.8829067258559155,56.573733398114186,8.695255937358269,90.56138441433627,0,0.8829067258559155,LOW
2023-03-10 13:35:00,0.5669542514134649,127.42880278760244,9.314880732935825,90.56138441433627,0,0.5669542514134649,LOW
2023-03-10 13:36:00,0.6321478921704363,73.63558219819362,8.496686993607826,90.56138441433627,0,0.6321478921704363,LOW
2023-03-10 13:37:00,0.4591024334831173,111.53785182705067,7.036309350328322,90.56138441433627,1,0.4591024334831173,MEDIUM
2023-03-10 13:38:00,0.1492854749398282,99.9730855083411,7.0271154072378765,90.56138441433627,1,0.1492854749398282,MEDIUM
2023-03-10 13:39:00,0.4016775174813108,80.55517117223167,8.071088031910037,90.56138441433627,0,0.4016775174813108,LOW
2023-03-10 13:40:00,0.8225681037382103,66.45498097564442,9.778582205295349,90.56138441433627,0,0.8225681037382103,LOW
2023-03-10 13:41:00,0.1041688207041425,59.710913452752514,7.686030338810826,90.56138441433627,0,0.1041688207041425,LOW
2023-03-10 13:42:00,0.4001492545220297,99.20103744310931,8.903091066615062,90.56138441433627,1,0.4001492545220297,MEDIUM
2023-03-10 13:43:00,0.4583518242318489,111.97070245102304,7.666227612079962,90.56138441433627,0,0.4583518242318489,LOW
2023-03-10 13:44:00,0.5836560426441306,101.51234028329046,7.965009968978646,90.56138441433627,0,0.5836560426441306,LOW
2023-03-10 13:45:00,0.9278700547714844,92.42417065993266,9.544126268804453,90.56138441433627,0,0.9278700547714844,LOW
2023-03-10 13:46:00,0.4117113949293651,53.3560978745309,9.18658432680984,90.56138441433627,0,0.4117113949293651,LOW
2023-03-10 13:47:00,0.4122578817066049,127.47910220755072,7.286197831939631,90.56138441433627,0,0.4122578817066049,LOW
2023-03-10 13:48:00,0.7637511232987735,113.89713533236596,8.2861060629593,90.56138441433627,1,0.7637511232987735,MEDIUM
2023-03-10 13:49:00,0.5069961468008265,73.42576293607718,7.0875092909357935,90.56138441433627,0,0.5069961468008265,LOW
2023-03-10 13:50:00,0.3021443406459838,128.39762634870806,8.442670439809028,90.56138441433627,0,0.3021443406459838,LOW
2023-03-10 13:51:00,0.507195564519424,98.15052717090578,8.987302035103204,90.56138441433627,1,0.507195564519424,MEDIUM
2023-03-10 13:52:00,0.2267713183418198,96.59381265657971,7.355507870794455,90.56138441433627,1,0.2267713183418198,MEDIUM
2023-03-10 13:53:00,0.258748287855601,109.84585435436256,7.866654816727497,90.56138441433627,0,0.258748287855601,LOW
2023-03-10 13:54:00,0.5485309954655317,114.941583047211,8.193509876506472,90.56138441433627,0,0.5485309954655317,LOW
2023-03-10 13:55:00,0.4770329045540931,102.5182885865202,9.75859307396815,90.56138441433627,0,0.4770329045540931,LOW
2023-03-10 13:56:00,0.92336131096129,60.247659709296,9.979765046268891,90.56138441433627,2,0.92336131096129,HIGH
2023-03-10 13:57:00,0.4261545092049698,77.06140047955986,7.134733896986847,90.56138441433627,0,0.4261545092049698,LOW
2023-03-10 13:58:00,0.6225295152502391,124.24669122608398,9.283023770486176,90.56138441433627,2,0.6225295152502391,HIGH
2023-03-10 13:59:00,0.6690378591275773,67.96924894750816,8.11517219920703,90.56138441433627,1,0.6690378591275773,MEDIUM
2023-03-10 14:00:00,0.1117850109295002,79.77336190700106,8.17737455868844,90.56138441433627,0,0.1117850109295002,LOW
2023-03-10 14:01:00,0.6971836348150395,84.56615063553568,9.262794920041069,90.56138441433627,0,0.6971836348150395,LOW
2023-03-10 14:02:00,0.2602323701827763,85.15239917555618,9.755279296436226,90.56138441433627,0,0.2602323701827763,LOW
2023-03-10 14:03:00,0.9649632857225096,99.03516659956205,9.852785783507644,90.56138441433627,0,0.9649632857225096,LOW
2023-03-10 14:04:00,0.2337964549778016,125.4460670195766,8.731367758114963,90.56138441433627,0,0.2337964549778016,LOW
2023-03-10 14:05:00,0.4731617113543214,69.2554169466004,8.071363477901508,90.56138441433627,1,0.4731617113543214,MEDIUM
2023-03-10 14:06:00,0.1768147012707794,59.72011010407344,9.362647257576338,90.56138441433627,2,0.1768147012707794,HIGH
2023-03-10 14:07:00,0.9971868266613526,65.79763918879499,7.753004149786901,90.56138441433627,0,0.9971868266613526,LOW
2023-03-10 14:08:00,0.5519755092981183,120.95399201674157,8.692222086500554,90.56138441433627,1,0.5519755092981183,MEDIUM
2023-03-10 14:09:00,0.6358465155880394,101.66486501241648,8.07573538457462,90.56138441433627,0,0.6358465155880394,LOW
2023-03-10 14:10:00,0.1603688296495847,72.8725431391328,8.969893221123629,90.56138441433627,0,0.1603688296495847,LOW
2023-03-10 14:11:00,0.77496442335926,115.27575511748938,7.72119673868052,90.56138441433627,0,0.77496442335926,LOW
2023-03-10 14:12:00,0.2889150337860272,118.90959970907488,7.574778837204477,90.56138441433627,1,0.2889150337860272,MEDIUM
2023-03-10 14:13:00,0.9082488604966424,117.72114709522224,9.754717260026313,90.56138441433627,2,0.9082488604966424,HIGH
2023-03-10 14:14:00,0.2846256764338064,123.51412269116436,7.305411048848611,90.56138441433627,1,0.2846256764338064,MEDIUM
2023-03-10 14:15:00,0.2716189485972999,70.17928161386892,8.517873723204795,90.56138441433627,0,0.2716189485972999,LOW
2023-03-10 14:16:00,0.1328947010632854,110.40335429970229,7.662558348889027,90.56138441433627,0,0.1328947010632854,LOW
2023-03-10 14:17:00,0.5248602505989993,86.8431597819312,7.116789889977002,90.56138441433627,0,0.5248602505989993,LOW
2023-03-10 14:18:00,0.6083570199363548,117.35988423120492,7.108056454874279,90.56138441433627,0,0.6083570199363548,LOW
2023-03-10 14:19:00,0.1591377754855171,108.27925417292906,7.525665316317483,90.56138441433627,1,0.1591377754855171,MEDIUM
2023-03-10 14:20:00,0.7979748550255095,112.11579571997795,9.600311063518,90.56138441433627,1,0.7979748550255095,MEDIUM
2023-03-10 14:21:00,0.5079599512732249,102.49294701448572,7.84743623193108,90.56138441433627,1,0.5079599512732249,MEDIUM
2023-03-10 14:22:00,0.5719512423948221,64.19430155757655,9.851377511725888,90.56138441433627,0,0.5719512423948221,LOW
2023-03-10 14:23:00,0.4966864722444053,93.60215351175506,8.744866878967581,90.56138441433627,0,0.4966864722444053,LOW
2023-03-10 14:24:00,0.4606867547877934,128.77357916196064,8.309842569306298,90.56138441433627,0,0.4606867547877934,LOW
2023-03-10 14:25:00,0.6036762981773961,124.99104531976953,8.740266504008364,90.56138441433627,0,0.6036762981773961,LOW
2023-03-10 14:26:00,0.2397162213376412,53.453898863760934,8.550095155678804,90.56138441433627,0,0.2397162213376412,LOW
2023-03-10 14:27:00,0.263735317445744,63.18518525835497,9.276328761271976,90.56138441433627,1,0.263735317445744,MEDIUM
2023-03-10 14:28:00,0.8756070589121656,60.538301876364955,7.8474881979185565,90.56138441433627,1,0.8756070589121656,MEDIUM
2023-03-10 14:29:00,0.9515039159202696,108.07839279882364,8.059151174800906,90.56138441433627,0,0.9515039159202696,LOW
2023-03-10 14:30:00,0.4359783846517776,115.4228263885556,9.682282907599753,90.56138441433627,0,0.4359783846517776,LOW
2023-03-10 14:31:00,0.3436702058291984,67.08090930485375,9.839369539451216,90.56138441433627,0,0.3436702058291984,LOW
2023-03-10 14:32:00,0.6795995889151142,90.46821543614632,9.677674682459424,90.56138441433627,0,0.6795995889151142,LOW
2023-03-10 14:33:00,0.4678607539882867,117.256242240896,8.25834398187194,90.56138441433627,1,0.4678607539882867,MEDIUM
2023-03-10 14:34:00,0.1228477200943103,108.62412358130004,9.341096509020645,90.56138441433627,0,0.1228477200943103,LOW
2023-03-10 14:35:00,0.2405373376295713,93.37897643934788,8.429007199903296,90.56138441433627,0,0.2405373376295713,LOW
2023-03-10 14:36:00,0.7443750059626578,97.22781523670184,8.492619556438306,90.56138441433627,0,0.7443750059626578,LOW
2023-03-10 14:37:00,0.6930315477191362,90.6688437533024,7.6140403271718515,90.56138441433627,1,0.6930315477191362,MEDIUM
2023-03-10 14:38:00,0.1243863932531351,73.80387610550565,8.77339090977555,90.56138441433627,0,0.1243863932531351,LOW
2023-03-10 14:39:00,0.2997749457396545,95.20175942872127,7.558407693260044,90.56138441433627,0,0.2997749457396545,LOW
2023-03-10 14:40:00,0.3079673169292642,105.11082416400724,7.994694097201581,90.56138441433627,0,0.3079673169292642,LOW
2023-03-10 14:41:00,0.7047034692388555,119.86583326886462,9.565090604859805,90.56138441433627,1,0.7047034692388555,MEDIUM
2023-03-10 14:42:00,0.1177394839789277,100.90330831833984,7.621227427632566,90.56138441433627,2,0.1177394839789277,HIGH
2023-03-10 14:43:00,0.1936977237861164,110.88972296345264,7.213474855520299,90.56138441433627,0,0.1936977237861164,LOW
2023-03-10 14:44:00,0.8199244768358704,62.80573079636584,7.207022777838449,90.56138441433627,1,0.8199244768358704,MEDIUM
2023-03-10 14:45:00,0.2606901958489003,86.92459795358319,9.822353561509324,90.56138441433627,2,0.2606901958489003,HIGH
2023-03-10 14:46:00,0.6874714970666872,50.74652958616746,8.520761313885505,90.56138441433627,2,0.6874714970666872,HIGH
2023-03-10 14:47:00,0.3143645029420538,69.73430916172984,8.228236215451055,90.56138441433627,1,0.3143645029420538,MEDIUM
2023-03-10 14:48:00,0.1894972534834106,108.1169372090404,9.432635743023756,90.56138441433627,1,0.1894972534834106,MEDIUM
2023-03-10 14:49:00,0.3188549718995087,129.3447961079491,9.507477783731549,90.56138441433627,0,0.3188549718995087,LOW
2023-03-10 14:50:00,0.7500402386700933,57.934247966977274,7.996573099346814,90.56138441433627,1,0.7500402386700933,MEDIUM
2023-03-10 14:51:00,0.8701268212956572,82.11954526890307,9.080854172421386,90.56138441433627,0,0.8701268212956572,LOW
2023-03-10 14:52:00,0.8471978781102925,114.00567749593276,9.31336844755566,90.56138441433627,1,0.8471978781102925,MEDIUM
2023-03-10 14:53:00,0.4574651766566093,66.3228507703119,8.963952060597864,90.56138441433627,0,0.4574651766566093,LOW
2023-03-10 14:54:00,0.7012766229135815,94.4067959441829,7.454785224400299,90.56138441433627,1,0.7012766229135815,MEDIUM
2023-03-10 14:55:00,0.2844858658742388,108.64570368237398,9.62764925055117,90.56138441433627,1,0.2844858658742388,MEDIUM
2023-03-10 14:56:00,0.3638329572349119,99.27883602081432,8.617283658208025,90.56138441433627,0,0.3638329572349119,LOW
2023-03-10 14:57:00,0.9067022366690076,65.0419787692333,7.847417279110011,90.56138441433627,1,0.9067022366690076,MEDIUM
2023-03-10 14:58:00,0.1117017311596624,78.43076549485914,8.275684556313081,90.56138441433627,0,0.1117017311596624,LOW
2023-03-10 14:59:00,0.1769576777690212,112.70334275883178,7.112713271196722,90.56138441433627,1,0.1769576777690212,MEDIUM
2023-03-10 15:00:00,0.2870976296314246,94.33812113056132,7.383600403667253,90.56138441433627,0,0.2870976296314246,LOW
2023-03-10 15:01:00,0.1238789834864377,50.41836908343302,9.296640251547585,90.56138441433627,0,0.1238789834864377,LOW
2023-03-10 15:02:00,0.2632918915808175,110.8792608022475,7.000034904266099,90.56138441433627,2,0.2632918915808175,HIGH
2023-03-10 15:03:00,0.624737404872723,52.824908395219126,8.249697485446877,90.56138441433627,0,0.624737404872723,LOW
2023-03-10 15:04:00,0.4792820955332482,109.65870261849858,8.567530543256765,90.56138441433627,1,0.4792820955332482,MEDIUM
2023-03-10 15:05:00,0.9034045399692774,66.198444813219,7.163903260002916,90.56138441433627,0,0.9034045399692774,LOW
2023-03-10 15:06:00,0.8356992055645968,126.64587840955042,9.919234488917,90.56138441433627,0,0.8356992055645968,LOW
2023-03-10 15:07:00,0.4076356165280884,79.43526010416676,7.678375993749016,90.56138441433627,0,0.4076356165280884,LOW
2023-03-10 15:08:00,0.3334810900881632,76.15452930704633,7.912596158908842,90.56138441433627,0,0.3334810900881632,LOW
2023-03-10 15:09:00,0.4417231673505402,61.911044026595576,7.911827536765082,90.56138441433627,0,0.4417231673505402,LOW
2023-03-10 15:10:00,0.631265448263327,74.44833723921718,7.69124998635205,90.56138441433627,0,0.631265448263327,LOW
2023-03-10 15:11:00,0.3412572767405886,120.13206094625605,7.004421466258934,90.56138441433627,0,0.3412572767405886,LOW
2023-03-10 15:12:00,0.6617340170642206,129.70674701017978,9.18803438226399,90.56138441433627,0,0.6617340170642206,LOW
2023-03-10 15:13:00,0.4684704869721163,79.46476244054787,9.900536499397855,90.56138441433627,2,0.4684704869721163,HIGH
2023-03-10 15:14:00,0.5968424627667822,85.8888504763634,7.672880449855136,90.56138441433627,2,0.5968424627667822,HIGH
2023-03-10 15:15:00,0.492513876221785,107.76567505621895,8.989141575410267,90.56138441433627,0,0.492513876221785,LOW
2023-03-10 15:16:00,0.3650191835877259,120.89566243720596,9.225688980876146,90.56138441433627,1,0.3650191835877259,MEDIUM
2023-03-10 15:17:00,0.953607976265941,97.44354673494271,9.545276137271577,90.56138441433627,0,0.953607976265941,LOW
2023-03-10 15:18:00,0.7872452147437847,81.32205585422635,8.267887591040827,90.56138441433627,1,0.7872452147437847,MEDIUM
2023-03-10 15:19:00,0.2261018581898073,83.0097472678899,7.908792716921288,90.56138441433627,1,0.2261018581898073,MEDIUM
2023-03-10 15:20:00,0.8816211783081215,105.64945171974456,7.975885402069093,90.56138441433627,2,0.8816211783081215,HIGH
2023-03-10 15:21:00,0.5386880784245623,50.257461088342296,9.137863999295538,90.56138441433627,0,0.5386880784245623,LOW
2023-03-10 15:22:00,0.9050970042046824,99.56714699678726,9.450338399516909,90.56138441433627,1,0.9050970042046824,MEDIUM
2023-03-10 15:23:00,0.8198697303525837,78.43944083530859,7.544841903269808,90.56138441433627,0,0.8198697303525837,LOW
2023-03-10 15:24:00,0.4826921540223101,113.53578650216674,8.112823024473295,90.56138441433627,2,0.4826921540223101,HIGH
2023-03-10 15:25:00,0.1202223774881056,57.43925118585057,9.70582059024745,90.56138441433627,0,0.1202223774881056,LOW
2023-03-10 15:26:00,0.3418096234464515,97.05618135587125,9.420080559084218,90.56138441433627,1,0.3418096234464515,MEDIUM
2023-03-10 15:27:00,0.5874707931947802,88.4778311908899,9.954575208287428,90.56138441433627,1,0.5874707931947802,MEDIUM
2023-03-10 15:28:00,0.6701303978435326,101.3860420724182,9.262744779046242,90.56138441433627,1,0.6701303978435326,MEDIUM
2023-03-10 15:29:00,0.3320989168898821,55.18828755863747,8.179585603083767,90.56138441433627,0,0.3320989168898821,LOW
2023-03-10 15:30:00,0.2254204666655417,96.3987029942505,8.771913501983914,90.56138441433627,2,0.2254204666655417,HIGH
2023-03-10 15:31:00,0.8514372131193692,94.91876703676188,8.983042762741961,90.56138441433627,0,0.8514372131193692,LOW
2023-03-10 15:32:00,0.9859619626331968,94.85280755329369,7.235367448951372,90.56138441433627,1,0.9859619626331968,MEDIUM
2023-03-10 15:33:00,0.5731211640724173,98.27901332771638,8.633490877311596,90.56138441433627,0,0.5731211640724173,LOW
2023-03-10 15:34:00,0.2545113572634732,104.11743497810896,9.127962485417829,90.56138441433627,0,0.2545113572634732,LOW
2023-03-10 15:35:00,0.345076593867432,114.39911997446158,7.501963912003181,90.56138441433627,0,0.345076593867432,LOW
2023-03-10 15:36:00,0.11655160889272,71.58565761025714,9.34189515227667,90.56138441433627,0,0.11655160889272,LOW
2023-03-10 15:37:00,0.9228689259044492,116.00395281440495,8.751318341542335,90.56138441433627,0,0.9228689259044492,LOW
2023-03-10 15:38:00,0.205975974601127,89.86045458107628,9.856665357092783,90.56138441433627,0,0.205975974601127,LOW
2023-03-10 15:39:00,0.6188648279628282,56.164662330746495,7.127266894620675,90.56138441433627,0,0.6188648279628282,LOW
2023-03-10 15:40:00,0.3466496986184854,54.68407433951833,7.7959784126664,90.56138441433627,1,0.3466496986184854,MEDIUM
2023-03-10 15:41:00,0.5987602022642141,76.73906549568486,8.804661637899471,90.56138441433627,1,0.5987602022642141,MEDIUM
2023-03-10 15:42:00,0.6862783495166778,112.7917581689174,7.889679736617792,90.56138441433627,0,0.6862783495166778,LOW
2023-03-10 15:43:00,0.8467676233364815,106.61447477927324,9.143272492213727,90.56138441433627,0,0.8467676233364815,LOW
2023-03-10 15:44:00,0.2857791445845429,113.08919717379251,9.277015847565792,90.56138441433627,0,0.2857791445845429,LOW
2023-03-10 15:45:00,0.1098962457926324,91.38152451532876,7.307547892199423,90.56138441433627,0,0.1098962457926324,LOW
2023-03-10 15:46:00,0.2231970670619265,85.21591983643924,8.541563392620303,90.56138441433627,1,0.2231970670619265,MEDIUM
2023-03-10 15:47:00,0.9100167776632946,61.796202136502714,8.526671666773169,90.56138441433627,1,0.9100167776632946,MEDIUM
2023-03-10 15:48:00,0.8865010698062638,76.25542028874492,8.107842310646623,90.56138441433627,0,0.8865010698062638,LOW
2023-03-10 15:49:00,0.6376717919532775,84.72154929391002,9.798774587709016,90.56138441433627,0,0.6376717919532775,LOW
2023-03-10 15:50:00,0.640465174390288,57.08803437436938,9.482518959619664,90.56138441433627,0,0.640465174390288,LOW
2023-03-10 15:51:00,0.6985330070916299,67.64895621689689,9.09162814572891,90.56138441433627,1,0.6985330070916299,MEDIUM
2023-03-10 15:52:00,0.2578341507611046,97.8580235250991,9.142979907204992,90.56138441433627,2,0.2578341507611046,HIGH
2023-03-10 15:53:00,0.9229707513324638,108.85304913913518,8.385148431439358,90.56138441433627,0,0.9229707513324638,LOW
2023-03-10 15:54:00,0.4768934724028658,129.86780091143598,9.762983563289728,90.56138441433627,0,0.4768934724028658,LOW
2023-03-10 15:55:00,0.4448246754245477,124.64906650748462,9.083786281759856,90.56138441433627,1,0.4448246754245477,MEDIUM
2023-03-10 15:56:00,0.5670259347545538,101.40521596281532,9.186943184967449,90.56138441433627,2,0.5670259347545538,HIGH
2023-03-10 15:57:00,0.1422693700975495,83.69984426352576,9.585072711362036,90.56138441433627,0,0.1422693700975495,LOW
2023-03-10 15:58:00,0.2496550318804714,100.8941891766586,7.822214768026573,90.56138441433627,0,0.2496550318804714,LOW
2023-03-10 15:59:00,0.7642302547837334,112.85212944641856,9.42121271160011,90.56138441433627,0,0.7642302547837334,LOW
2023-03-10 16:00:00,0.1745188011326138,59.46689527387099,7.585721808869476,90.56138441433627,0,0.1745188011326138,LOW
2023-03-10 16:01:00,0.6428368985197493,82.79239117570306,8.036025856734664,90.56138441433627,0,0.6428368985197493,LOW
2023-03-10 16:02:00,0.3208141987131888,117.18418285084938,8.006831362809528,90.56138441433627,0,0.3208141987131888,LOW
2023-03-10 16:03:00,0.4503660526377789,80.70663615464352,9.93557640516742,90.56138441433627,0,0.4503660526377789,LOW
2023-03-10 16:04:00,0.3598243630936298,95.74978169817491,9.56961167124378,90.56138441433627,0,0.3598243630936298,LOW
2023-03-10 16:05:00,0.4201054448184542,97.02154886897586,9.10350958477078,90.56138441433627,1,0.4201054448184542,MEDIUM
2023-03-10 16:06:00,0.7471413146658209,64.75810025069114,9.181170284846171,90.56138441433627,0,0.7471413146658209,LOW
2023-03-10 16:07:00,0.3674095440608576,78.97883533218307,8.686218383207713,90.56138441433627,0,0.3674095440608576,LOW
2023-03-10 16:08:00,0.6097641762672075,76.76090309935458,9.841272001325557,90.56138441433627,0,0.6097641762672075,LOW
2023-03-10 16:09:00,0.5284453619791897,52.09573668256518,8.488776258647086,90.56138441433627,0,0.5284453619791897,LOW
2023-03-10 16:10:00,0.6973040488263833,51.93534111130842,8.141553129609683,90.56138441433627,2,0.6973040488263833,HIGH
2023-03-10 16:11:00,0.943146765392282,116.53576349406188,7.489106010794773,90.56138441433627,0,0.943146765392282,LOW
2023-03-10 16:12:00,0.7593148874892253,71.845664797825,9.358616956783171,90.56138441433627,0,0.7593148874892253,LOW
2023-03-10 16:13:00,0.2934463407316811,91.44630129910524,9.203331796226774,90.56138441433627,1,0.2934463407316811,MEDIUM
2023-03-10 16:14:00,0.1280648215551562,73.89804588710184,8.153065115572405,90.56138441433627,0,0.1280648215551562,LOW
2023-03-10 16:15:00,0.3360376398698426,125.25433960922724,7.075580241877688,90.56138441433627,2,0.3360376398698426,HIGH
2023-03-10 16:16:00,0.6355701376302293,70.7437407092619,9.516991983154032,90.56138441433627,0,0.6355701376302293,LOW
2023-03-10 16:17:00,0.1462832321358253,84.37254501911481,7.034253950362221,90.56138441433627,0,0.1462832321358253,LOW
2023-03-10 16:18:00,0.5467296224811127,119.81842003876817,9.111099338887152,90.56138441433627,0,0.5467296224811127,LOW
2023-03-10 16:19:00,0.6371585640252003,117.3546853433447,9.910771329178171,90.56138441433627,0,0.6371585640252003,LOW
2023-03-10 16:20:00,0.4008195017352647,64.88811342770218,8.31298398444461,90.56138441433627,1,0.4008195017352647,MEDIUM
2023-03-10 16:21:00,0.7938209833712397,114.21146478365684,7.704920214987858,90.56138441433627,1,0.7938209833712397,MEDIUM
2023-03-10 16:22:00,0.1959384278203946,86.65495093903141,9.114613030130144,90.56138441433627,0,0.1959384278203946,LOW
2023-03-10 16:23:00,0.1676240035622279,88.63750976682842,9.451384426046754,90.56138441433627,0,0.1676240035622279,LOW
2023-03-10 16:24:00,0.7553698805832431,60.6783977932755,8.639290948233542,90.56138441433627,1,0.7553698805832431,MEDIUM
2023-03-10 16:25:00,0.5459421845855786,56.44812110056997,9.90110582576844,90.56138441433627,2,0.5459421845855786,HIGH
2023-03-10 16:26:00,0.7195621567849624,108.2351445579012,7.155006164973884,90.56138441433627,0,0.7195621567849624,LOW
2023-03-10 16:27:00,0.4913446047433716,89.71689218842398,8.514386794913584,90.56138441433627,0,0.4913446047433716,LOW
2023-03-10 16:28:00,0.3217618299151961,84.94805620921437,9.15536184196765,90.56138441433627,0,0.3217618299151961,LOW
2023-03-10 16:29:00,0.8371920859067797,108.36065829219174,9.587921413447535,90.56138441433627,1,0.8371920859067797,MEDIUM
2023-03-10 16:30:00,0.8194742910720814,111.2410319192888,7.53776683572337,90.56138441433627,0,0.8194742910720814,LOW
2023-03-10 16:31:00,0.7252268237689841,62.71265341354828,9.400010445291043,90.56138441433627,0,0.7252268237689841,LOW
2023-03-10 16:32:00,0.3449306235069664,98.8180119582113,8.658121227155636,90.56138441433627,1,0.3449306235069664,MEDIUM
2023-03-10 16:33:00,0.6312076001821784,60.82832658221484,8.18966104596989,90.56138441433627,0,0.6312076001821784,LOW
2023-03-10 16:34:00,0.4248765072460241,110.11000688232366,7.395145085737281,90.56138441433627,0,0.4248765072460241,LOW
2023-03-10 16:35:00,0.1824238659939707,102.55641250137116,9.595887276726735,90.56138441433627,0,0.1824238659939707,LOW
2023-03-10 16:36:00,0.9255822179160184,126.52916968667664,7.471819624539146,90.56138441433627,0,0.9255822179160184,LOW
2023-03-10 16:37:00,0.2231367678270652,55.5166413085137,7.9293635776272975,90.56138441433627,0,0.2231367678270652,LOW
2023-03-10 16:38:00,0.9552136184387222,54.564377692100344,7.870136595887311,90.56138441433627,0,0.9552136184387222,LOW
2023-03-10 16:39:00,0.5014051956621601,72.57496597545601,9.614242102572565,90.56138441433627,0,0.5014051956621601,LOW
